Team,POS,Name,TEAM,Round,Pick,ADP,Value,Draft Start,Cumulative Val
1,W/T,Jamar Chase,CIN,1,1,1.1,-0.1,4/13/2022,5.4
1,RB,Breece Hall,,2,8,8.2,-0.2,4/13/2022,5.4
1,QB,Justin Fields,CHI,3,9,7.2,1.8,4/13/2022,5.4
1,QB,Mac Jones,NE,4,16,14.3,1.7,4/13/2022,5.4
1,RB,Elijah Mitchell,SF,5,17,17.5,-0.5,4/13/2022,5.4
1,W/T,Rashod Bateman,BAL,6,24,25.2,-1.2,4/13/2022,5.4
1,W/T,Chris Olave,,7,25,26.8,-1.8,4/13/2022,5.4
1,RB,Rhamondre Stevenson,NE,8,32,27.2,4.8,4/13/2022,5.4
1,W/T,Jahan Dotson,,9,33,36.1,-3.1,4/13/2022,5.4
1,W/T,Joshua Palmer,LAC,10,40,41.2,-1.2,4/13/2022,5.4
1,RB,Rachaad White,,11,41,36.3,4.7,4/13/2022,5.4
1,W/T,Calvin Austin,,12,48,47.5,0.5,4/13/2022,5.4
2,RB,Najee Harris,PIT,1,3,3,0,4/13/2022,-12.6
2,QB,Trevor Lawrence,JAX,2,6,5.9,0.1,4/13/2022,-12.6
2,RB,Travis Etienne,JAX,3,11,11.8,-0.8,4/13/2022,-12.6
2,QB,Zach Wilson,NYJ,4,14,11.5,2.5,4/13/2022,-12.6
2,RB,Elijah Mitchell,SF,5,22,17.5,4.5,4/13/2022,-12.6
2,W/T,Treylon Burks,,6,19,22.1,-3.1,4/13/2022,-12.6
2,W/T,Jameson Williams,,7,27,28.6,-1.6,4/13/2022,-12.6
2,W/T,George Pickens,,8,30,31.5,-1.5,4/13/2022,-12.6
2,W/T,Joshua Palmer,LAC,9,35,41.2,-6.2,4/13/2022,-12.6
2,W/T,Amari Rodgers,GB,10,38,44.3,-6.3,4/13/2022,-12.6
2,W/T,Dyami Brown,WAS,11,43,47.7,-4.7,4/13/2022,-12.6
2,W/T,Anthony Schwartz,CLE,12,46,41.5,4.5,4/13/2022,-12.6
3,W/T,Jamar Chase,CIN,1,1,1.1,-0.1,4/13/2022,-15.8
3,RB,Breece Hall,,2,8,8.2,-0.2,4/13/2022,-15.8
3,QB,Zach Wilson,NYJ,3,9,11.5,-2.5,4/13/2022,-15.8
3,QB,Mac Jones,NE,4,16,14.3,1.7,4/13/2022,-15.8
3,RB,Elijah Mitchell,SF,5,17,17.5,-0.5,4/13/2022,-15.8
3,W/T,Rondale Moore,AZ,6,24,23.7,0.3,4/13/2022,-15.8
3,W/T,Chris Olave,,7,25,26.8,-1.8,4/13/2022,-15.8
3,W/T,Jahan Dotson,,8,32,36.1,-4.1,4/13/2022,-15.8
3,W/T,Nico Collins,HOU,9,33,36.5,-3.5,4/13/2022,-15.8
3,W/T,Joshua Palmer,LAC,10,40,41.2,-1.2,4/13/2022,-15.8
3,RB,Trey Sermon,SF,11,41,45.9,-4.9,4/13/2022,-15.8
3,RB,James Cook,,12,48,47,1,4/13/2022,-15.8
4,RB,Najee Harris,PIT,1,3,3,0,4/13/2022,1.6
4,QB,Trey Lance,SF,2,6,4.4,1.6,4/13/2022,1.6
4,QB,Zach Wilson,NYJ,3,11,11.5,-0.5,4/13/2022,1.6
4,W/T,Elijah Moore,NYJ,4,14,12.6,1.4,4/13/2022,1.6
4,RB,Elijah Mitchell,SF,5,19,17.5,1.5,4/13/2022,1.6
4,W/T,Treylon Burks,,6,22,22.1,-0.1,4/13/2022,1.6
4,RB,Michael Carter,NYJ,7,27,20.4,6.6,4/13/2022,1.6
4,W/T,George Pickens,,8,30,31.5,-1.5,4/13/2022,1.6
4,W/T,Nico Collins,HOU,9,35,36.5,-1.5,4/13/2022,1.6
4,W/T,Joshua Palmer,LAC,10,38,41.2,-3.2,4/13/2022,1.6
4,W/T,David Bell,,11,43,44,-1,4/13/2022,1.6
4,W/T,Dyami Brown,WAS,12,46,47.7,-1.7,4/13/2022,1.6
5,RB,Javonte Williams,DEN,1,2,2.5,-0.5,4/13/2022,1.9
5,W/T,Jaylen Waddle,MIA,2,7,5.8,1.2,4/13/2022,1.9
5,QB,Zach Wilson,NYJ,3,10,11.5,-1.5,4/13/2022,1.9
5,QB,Mac Jones,NE,4,15,14.3,0.7,4/13/2022,1.9
5,W/T,Garrett Wilson,,5,18,17.9,0.1,4/13/2022,1.9
5,W/T,Rondale Moore,AZ,6,23,23.7,-0.7,4/13/2022,1.9
5,W/T,Chris Olave,,7,26,26.8,-0.8,4/13/2022,1.9
5,W/T,Nico Collins,HOU,8,31,36.5,-5.5,4/13/2022,1.9
5,W/T,Jahan Dotson,,9,34,36.1,-2.1,4/13/2022,1.9
5,RB,Isaiah Spiller,,10,39,34.8,4.2,4/13/2022,1.9
5,RB,Rachaad White,,11,42,36.3,5.7,4/13/2022,1.9
5,RB,Trey Sermon,SF,12,47,45.9,1.1,4/13/2022,1.9
6,RB,Najee Harris,PIT,1,3,3,0,4/13/2022,15.4
6,QB,Trey Lance,SF,2,6,4.6,1.4,4/13/2022,15.4
6,W/T,Kyle Pitts,ATL,3,11,9.1,1.9,4/13/2022,15.4
6,W/T,Elijah Moore,NYJ,4,14,12.6,1.4,4/13/2022,15.4
6,QB,Davis Mills,HOU,5,19,22.7,-3.7,4/13/2022,15.4
6,W/T,Kadarius Toney,NYG,6,22,20.5,1.5,4/13/2022,15.4
6,W/T,Treylon Burks,,7,27,22.1,4.9,4/13/2022,15.4
6,W/T,Rondale Moore,AZ,8,30,23.7,6.3,4/13/2022,15.4
6,W/T,Nico Collins,HOU,9,35,36.5,-1.5,4/13/2022,15.4
6,RB,Khalil Herbert,CHI,10,38,37.8,0.2,4/13/2022,15.4
6,RB,Brian Robinson Jr.,,11,43,40.1,2.9,4/13/2022,15.4
6,RB,Trey Sermon,SF,12,46,45.9,0.1,4/13/2022,15.4
7,QB,Trey Lance,SF,1,4,4.6,-0.6,4/13/2022,3.4
7,QB,Trevor Lawrence,JAX,2,5,5.9,-0.9,4/13/2022,3.4
7,W/T,Elijah Moore,NYJ,3,12,12.6,-0.6,4/13/2022,3.4
7,W/T,Devonta Smith,PHI,4,13,13.9,-0.9,4/13/2022,3.4
7,RB,Kenneth Walker,,5,20,21.1,-1.1,4/13/2022,3.4
7,W/T,Kadarius Toney,NYG,6,21,20.5,0.5,4/13/2022,3.4
7,W/T,Rondale Moore,AZ,7,28,23.7,4.3,4/13/2022,3.4
7,W/T,Jameson Williams,,8,29,28.6,0.4,4/13/2022,3.4
7,RB,Isaiah Spiller,,9,36,34.8,1.2,4/13/2022,3.4
7,RB,Khalil Herbert,CHI,10,37,37.8,-0.8,4/13/2022,3.4
7,RB,Trey Sermon,SF,11,44,45.9,-1.9,4/13/2022,3.4
7,W/T,Joshua Palmer,LAC,12,45,41.2,3.8,4/13/2022,3.4
8,QB,Trey Lance,SF,1,4,4.6,-0.6,4/13/2022,3.4
8,QB,Trevor Lawrence,JAX,2,5.9,5,0.9,4/13/2022,3.4
8,RB,Breece Hall,,3,12,8.2,3.8,4/13/2022,3.4
8,RB,Travis Etienne,JAX,4,13,11.8,1.2,4/13/2022,3.4
8,W/T,Garrett Wilson,,5,20,17.9,2.1,4/13/2022,3.4
8,W/T,Kadarius Toney,NYG,6,21,20.5,0.5,4/13/2022,3.4
8,W/T,Chris Olave,,7,28,26.8,1.2,4/13/2022,3.4
8,W/T,Skyy Moore,,8,29,31,-2,4/13/2022,3.4
8,W/T,Jahan Dotson,,9,36,36.1,-0.1,4/13/2022,3.4
8,W/T,Nico Collins,HOU,10,37,36.5,0.5,4/13/2022,3.4
8,RB,Zamir White,,11,44,45.4,-1.4,4/13/2022,3.4
8,W/T,Dyami Brown,WAS,12,45,47.7,-2.7,4/13/2022,3.4
9,W/T,Jamar Chase,CIN,1,1,1.1,-0.1,4/13/2022,1.3
9,W/T,Jaylen Waddle,MIA,2,8,5.8,2.2,4/13/2022,1.3
9,QB,Mac Jones,NE,3,9,14.3,-5.3,4/13/2022,1.3
9,W/T,Devonta Smith,PHI,4,16,13.9,2.1,4/13/2022,1.3
9,QB,Davis Mills,HOU,5,17,22.7,-5.7,4/13/2022,1.3
9,RB,Michael Carter,NYJ,6,24,20.4,3.6,4/13/2022,1.3
9,RB,Kenneth Walker,,7,25,21.1,3.9,4/13/2022,1.3
9,W/T,George Pickens,,8,32,31.5,0.5,4/13/2022,1.3
9,W/T,Nico Collins,HOU,9,33,36.5,-3.5,4/13/2022,1.3
9,RB,Khalil Herbert,CHI,10,40,37.8,2.2,4/13/2022,1.3
9,RB,Brian Robinson Jr.,,11,41,40.1,0.9,4/13/2022,1.3
9,W/T,John Metchie,,12,48,47.5,0.5,4/13/2022,1.3
10,RB,Najee Harris,PIT,1,3,3,0,4/13/2022,4
10,QB,Trevor Lawrence,JAX,2,6,5.9,0.1,4/13/2022,4
10,QB,Zach Wilson,NYJ,3,11,11.5,-0.5,4/13/2022,4
10,W/T,Devonta Smith,PHI,4,14,13.9,0.1,4/13/2022,4
10,RB,Michael Carter,NYJ,5,19,20.4,-1.4,4/13/2022,4
10,W/T,Kadarius Toney,NYG,6,22,20.5,1.5,4/13/2022,4
10,W/T,Chris Olave,,7,27,26.8,0.2,4/13/2022,4
10,W/T,Rashod Bateman,BAL,8,30,25.2,4.8,4/13/2022,4
10,W/T,Nico Collins,HOU,9,35,36.5,-1.5,4/13/2022,4
10,RB,Isaiah Spiller,,10,38,34.8,3.2,4/13/2022,4
10,W/T,David Bell,,11,43,44,-1,4/13/2022,4
10,W/T,Calvin Austin,,12,46,47.5,-1.5,4/13/2022,4
11,RB,Javonte Williams,DEN,1,3,2.5,0.5,4/13/2022,2
11,QB,Trevor Lawrence,JAX,2,6,5.9,0.1,4/13/2022,2
11,RB,Travis Etienne,JAX,3,11,11.8,-0.8,4/13/2022,2
11,QB,Mac Jones,NE,4,14,14.3,-0.3,4/13/2022,2
11,W/T,Kadarius Toney,NYG,5,19,20.5,-1.5,4/13/2022,2
11,W/T,Rondale Moore,AZ,6,22,23.7,-1.7,4/13/2022,2
11,W/T,Chris Olave,,7,27,26.8,0.2,4/13/2022,2
11,W/T,Skyy Moore,,8,30,31,-1,4/13/2022,2
11,RB,Rhamondre Stevenson,NE,9,35,27.2,7.8,4/13/2022,2
11,W/T,Pat Freiermuth,PIT,10,38,33.1,4.9,4/13/2022,2
11,W/T,Dyami Brown,WAS,11,43,47.7,-4.7,4/13/2022,2
11,W/T,Calvin Austin,,12,46,47.5,-1.5,4/13/2022,2
12,RB,Javonte Williams,DEN,1,2,2.5,-0.5,4/13/2022,0.1
12,QB,Trevor Lawrence,JAX,2,7,6.1,0.9,4/13/2022,0.1
12,QB,Zach Wilson,NYJ,3,10,11.4,-1.4,4/13/2022,0.1
12,RB,Travis Etienne,JAX,4,15,12.1,2.9,4/13/2022,0.1
12,W/T,Drake London,,5,18,18.3,-0.3,4/13/2022,0.1
12,W/T,Kadarius Toney,NYG,6,23,20.5,2.5,4/13/2022,0.1
12,W/T,Chris Olave,,7,26,26.3,-0.3,4/13/2022,0.1
12,W/T,George Pickens,,8,31,31,0,4/13/2022,0.1
12,RB,Rhamondre Stevenson,NE,9,34,27.5,6.5,4/13/2022,0.1
12,W/T,Amari Rodgers,GB,10,39,43.7,-4.7,4/13/2022,0.1
12,W/T,Dyami Brown,WAS,11,42,47.5,-5.5,4/13/2022,0.1
12,W/T,Ihmir Smith-Marsette,MIN,12,47,47,0,4/13/2022,0.1
13,RB,Najee Harris,PIT,1,4,3,1,4/13/2022,19.6
13,RB,Javonte Williams,DEN,2,5,2.5,2.5,4/13/2022,19.6
13,QB,Zach Wilson,NYJ,3,12,11.4,0.6,4/13/2022,19.6
13,W/T,Elijah Moore,NYJ,4,13,12.8,0.2,4/13/2022,19.6
13,W/T,Kadarius Toney,NYG,5,20,20.5,-0.5,4/13/2022,19.6
13,QB,Davis Mills,HOU,6,21,21.5,-0.5,4/13/2022,19.6
13,W/T,Chris Olave,,7,28,26.3,1.7,4/13/2022,19.6
13,W/T,Jameson Williams,,8,29,28.3,0.7,4/13/2022,19.6
13,W/T,Jahan Dotson,,9,36,34.7,1.3,4/13/2022,19.6
13,W/T,Nico Collins,HOU,10,37,35.8,1.2,4/13/2022,19.6
13,W/T,Joshua Palmer,LAC,11,44,40.5,3.5,4/13/2022,19.6
13,RB,Rachaad White,,12,45,37.1,7.9,4/13/2022,19.6
14,RB,Najee Harris,PIT,1,4,3,1,4/13/2022,-3
14,QB,Trevor Lawrence,JAX,2,5,6.1,-1.1,4/13/2022,-3
14,QB,Zach Wilson,NYJ,3,12,11.4,0.6,4/13/2022,-3
14,W/T,Amon-Ra St. Brown,DET,4,13,12.2,0.8,4/13/2022,-3
14,W/T,Treylon Burks,,5,20,21.9,-1.9,4/13/2022,-3
14,W/T,Rondale Moore,AZ,6,21,23.5,-2.5,4/13/2022,-3
14,RB,Rhamondre Stevenson,NE,7,28,27.5,0.5,4/13/2022,-3
14,W/T,Skyy Moore,,8,29,30.4,-1.4,4/13/2022,-3
14,W/T,Nico Collins,HOU,9,36,35.8,0.2,4/13/2022,-3
14,RB,Rachaad White,,10,37,37.1,-0.1,4/13/2022,-3
14,W/T,Amari Rodgers,GB,11,44,43.7,0.3,4/13/2022,-3
14,W/T,David Bell,,12,45,44.4,0.6,4/13/2022,-3
15,RB,Javonte Williams,DEN,1,2,2.5,-0.5,4/13/2022,12.7
15,W/T,Jaylen Waddle,MIA,2,7,5.6,1.4,4/13/2022,12.7
15,QB,Zach Wilson,NYJ,3,10,11.4,-1.4,4/13/2022,12.7
15,RB,Travis Etienne,JAX,4,15,12.1,2.9,4/13/2022,12.7
15,W/T,Garrett Wilson,,5,18,17.5,0.5,4/13/2022,12.7
15,QB,Davis Mills,HOU,6,23,21.5,1.5,4/13/2022,12.7
15,W/T,Rondale Moore,AZ,7,26,23.5,2.5,4/13/2022,12.7
15,W/T,Skyy Moore,,8,31,30.4,0.6,4/13/2022,12.7
15,W/T,Nico Collins,HOU,9,34,35.8,-1.8,4/13/2022,12.7
15,RB,Khalil Herbert,CHI,10,39,38.6,0.4,4/13/2022,12.7
15,W/T,Christian Watson,,11,42,38.7,3.3,4/13/2022,12.7
15,W/T,Amari Rodgers,GB,12,47,43.7,3.3,4/13/2022,12.7
16,QB,Trey Lance,SF,1,4,4.5,-0.5,4/14/2022,-5.9
16,QB,Trevor Lawrence,JAX,2,5,6.1,-1.1,4/14/2022,-5.9
16,RB,Travis Etienne,JAX,3,12,12.1,-0.1,4/14/2022,-5.9
16,W/T,Devonta Smith,PHI,4,13,14.2,-1.2,4/14/2022,-5.9
16,W/T,Drake London,,5,20,18.3,1.7,4/14/2022,-5.9
16,W/T,Kadarius Toney,NYG,6,21,20.5,0.5,4/14/2022,-5.9
16,W/T,Rondale Moore,AZ,7,28,23.5,4.5,4/14/2022,-5.9
16,RB,Rhamondre Stevenson,NE,8,29,27.5,1.5,4/14/2022,-5.9
16,RB,Khalil Herbert,CHI,9,36,38.6,-2.6,4/14/2022,-5.9
16,W/T,Joshua Palmer,LAC,10,37,40.5,-3.5,4/14/2022,-5.9
16,W/T,Jalen Tolbert,,11,44,46.6,-2.6,4/14/2022,-5.9
16,W/T,Alec Pierce,,12,45,47.5,-2.5,4/14/2022,-5.9
17,W/T,Jamar Chase,CIN,1,1,1.1,-0.1,4/14/2022,23.5
17,QB,Justin Fields,CHI,2,8,7.3,0.7,4/14/2022,23.5
17,QB,Zach Wilson,NYJ,3,9,11.4,-2.4,4/14/2022,23.5
17,RB,Travis Etienne,JAX,4,16,12.1,3.9,4/14/2022,23.5
17,W/T,Devonta Smith,PHI,5,17,14.2,2.8,4/14/2022,23.5
17,RB,Kenneth Walker,,6,24,21.9,2.1,4/14/2022,23.5
17,W/T,Treylon Burks,,7,25,21.9,3.1,4/14/2022,23.5
17,W/T,George Pickens,,8,32,31,1,4/14/2022,23.5
17,W/T,Jahan Dotson,,9,33,34.7,-1.7,4/14/2022,23.5
17,W/T,Nico Collins,HOU,10,40,35.8,4.2,4/14/2022,23.5
17,W/T,Joshua Palmer,LAC,11,41,40.5,0.5,4/14/2022,23.5
17,RB,Khalil Herbert,CHI,12,48,38.6,9.4,4/14/2022,23.5
18,W/T,Jamar Chase,CIN,1,1,1.1,-0.1,4/14/2022,14.6
18,QB,Trey Lance,SF,2,8,4.5,3.5,4/14/2022,14.6
18,QB,Justin Fields,CHI,3,9,7.3,1.7,4/14/2022,14.6
18,W/T,Amon-Ra St. Brown,DET,4,16,12.2,3.8,4/14/2022,14.6
18,RB,Elijah Mitchell,SF,5,17,17,0,4/14/2022,14.6
18,W/T,Kadarius Toney,NYG,6,24,20.5,3.5,4/14/2022,14.6
18,W/T,Rondale Moore,AZ,7,25,23.5,1.5,4/14/2022,14.6
18,W/T,George Pickens,,8,32,31,1,4/14/2022,14.6
18,W/T,Jahan Dotson,,9,33,34.7,-1.7,4/14/2022,14.6
18,RB,Khalil Herbert,CHI,10,40,38.6,1.4,4/14/2022,14.6
18,RB,Kenneth Gainwell,PHI,11,41,43.3,-2.3,4/14/2022,14.6
18,RB,Zamir White,,12,48,45.7,2.3,4/14/2022,14.6
19,RB,Najee Harris,PIT,1,3,3,0,4/14/2022,11.1
19,QB,Trey Lance,SF,2,6,4.5,1.5,4/14/2022,11.1
19,QB,Justin Fields,CHI,3,11,7.3,3.7,4/14/2022,11.1
19,W/T,Devonta Smith,PHI,4,14,14.2,-0.2,4/14/2022,11.1
19,RB,Elijah Mitchell,SF,5,19,17,2,4/14/2022,11.1
19,W/T,Drake London,,6,22,18.3,3.7,4/14/2022,11.1
19,W/T,Rondale Moore,AZ,7,27,23.5,3.5,4/14/2022,11.1
19,W/T,Jameson Williams,,8,30,28.3,1.7,4/14/2022,11.1
19,W/T,Jahan Dotson,,9,35,34.7,0.3,4/14/2022,11.1
19,RB,Khalil Herbert,CHI,10,38,38.6,-0.6,4/14/2022,11.1
19,W/T,Dyami Brown,WAS,11,43,47.5,-4.5,4/14/2022,11.1
19,W/T,Dazz Newsome,CHI,12,46,46,0,4/14/2022,11.1
20,W/T,Jamar Chase,CIN,1,1,1.1,-0.1,4/14/2022,3.7
20,QB,Trevor Lawrence,JAX,2,8,6.1,1.9,4/14/2022,3.7
20,QB,Zach Wilson,NYJ,3,9,11.4,-2.4,4/14/2022,3.7
20,W/T,Devonta Smith,PHI,4,16,14.2,1.8,4/14/2022,3.7
20,W/T,Garrett Wilson,,5,17,17.5,-0.5,4/14/2022,3.7
20,RB,Michael Carter,NYJ,6,24,20.6,3.4,4/14/2022,3.7
20,W/T,Rondale Moore,AZ,7,25,23.5,1.5,4/14/2022,3.7
20,W/T,George Pickens,,8,32,31,1,4/14/2022,3.7
20,W/T,Nico Collins,HOU,9,33,35.8,-2.8,4/14/2022,3.7
20,RB,Brian Robinson Jr.,,10,40,40.7,-0.7,4/14/2022,3.7
20,RB,Kenneth Gainwell,PHI,11,41,43.3,-2.3,4/14/2022,3.7
20,RB,Trey Sermon,SF,12,48,45.1,2.9,4/14/2022,3.7
21,W/T,Jamar Chase,CIN,1,1,1.1,-0.1,4/14/2022,10.5
21,QB,Justin Fields,CHI,2,8,7.3,0.7,4/14/2022,10.5
21,QB,Zach Wilson,NYJ,3,9,11.4,-2.4,4/14/2022,10.5
21,RB,Travis Etienne,JAX,4,16,12.1,3.9,4/14/2022,10.5
21,RB,Elijah Mitchell,SF,5,17,17,0,4/14/2022,10.5
21,W/T,Treylon Burks,,6,24,21.9,2.1,4/14/2022,10.5
21,W/T,Rondale Moore,AZ,7,25,23.5,1.5,4/14/2022,10.5
21,W/T,Rashod Bateman,BAL,8,32,25.3,6.7,4/14/2022,10.5
21,W/T,Jahan Dotson,,9,33,34.7,-1.7,4/14/2022,10.5
21,RB,Brian Robinson Jr.,,10,40,40.7,-0.7,4/14/2022,10.5
21,W/T,Joshua Palmer,LAC,11,41,40.5,0.5,4/14/2022,10.5
21,W/T,Dazz Newsome,CHI,12,48,48,0,4/14/2022,10.5
22,W/T,Jamar Chase,CIN,1,1,1.1,-0.1,4/14/2022,5.9
22,QB,Trevor Lawrence,JAX,2,8,6.1,1.9,4/14/2022,5.9
22,QB,Justin Fields,CHI,3,9,7.3,1.7,4/14/2022,5.9
22,W/T,Devonta Smith,PHI,4,16,14.2,1.8,4/14/2022,5.9
22,W/T,Garrett Wilson,,5,18,17.5,0.5,4/14/2022,5.9
22,W/T,Kadarius Toney,NYG,6,24,20.5,3.5,4/14/2022,5.9
22,W/T,Rondale Moore,AZ,7,25,23.5,1.5,4/14/2022,5.9
22,W/T,George Pickens,,8,32,31,1,4/14/2022,5.9
22,RB,Khalil Herbert,CHI,9,33,38.6,-5.6,4/14/2022,5.9
22,RB,Brian Robinson Jr.,,10,40,40.7,-0.7,4/14/2022,5.9
22,RB,Kenneth Gainwell,PHI,11,41,43.3,-2.3,4/14/2022,5.9
22,RB,Trey Sermon,SF,12,48,45.3,2.7,4/14/2022,5.9
23,W/T,Jamar Chase,CIN,1,1,1.1,-0.1,4/14/2022,-9.8
23,RB,Breece Hall,,2,8,8.5,-0.5,4/14/2022,-9.8
23,QB,Zach Wilson,NYJ,3,9,11.4,-2.4,4/14/2022,-9.8
23,W/T,Garrett Wilson,,4,16,17.5,-1.5,4/14/2022,-9.8
23,W/T,Drake London,,5,17,18.3,-1.3,4/14/2022,-9.8
23,W/T,Treylon Burks,,6,24,21.9,2.1,4/14/2022,-9.8
23,W/T,Rashod Bateman,BAL,7,25,25.3,-0.3,4/14/2022,-9.8
23,W/T,George Pickens,,8,32,31,1,4/14/2022,-9.8
23,W/T,Jahan Dotson,,9,33,34.7,-1.7,4/14/2022,-9.8
23,RB,Kenneth Gainwell,PHI,10,40,43.3,-3.3,4/14/2022,-9.8
23,RB,Trey Sermon,SF,11,41,45.1,-4.1,4/14/2022,-9.8
23,QB,Matt Corral,,12,48,45.7,2.3,4/14/2022,-9.8
24,RB,Javonte Williams,DEN,1,3,2.5,0.5,4/14/2022,12.8
24,QB,Trevor Lawrence,JAX,2,6,6.1,-0.1,4/14/2022,12.8
24,QB,Mac Jones,NE,3,11,14,-3,4/14/2022,12.8
24,RB,Travis Etienne,JAX,4,14,12.1,1.9,4/14/2022,12.8
24,W/T,Kadarius Toney,NYG,5,19,20.5,-1.5,4/14/2022,12.8
24,W/T,Treylon Burks,,6,22,21.9,0.1,4/14/2022,12.8
24,W/T,Rondale Moore,AZ,7,27,23.5,3.5,4/14/2022,12.8
24,W/T,Skyy Moore,,8,30,30.4,-0.4,4/14/2022,12.8
24,W/T,Nico Collins,HOU,9,35,35.8,-0.8,4/14/2022,12.8
24,W/T,Joshua Palmer,LAC,10,38,40.5,-2.5,4/14/2022,12.8
24,RB,Brian Robinson Jr.,,11,43,40.7,2.3,4/14/2022,12.8
24,W/T,Pat Freiermuth,PIT,12,46,33.2,12.8,4/14/2022,12.8
25,RB,Najee Harris,PIT,1,3,3,0,4/14/2022,15.8
25,QB,Justin Fields,CHI,2,6,7.3,-1.3,4/14/2022,15.8
25,W/T,Jaylen Waddle,MIA,3,11,5.6,5.4,4/14/2022,15.8
25,QB,Mac Jones,NE,4,14,14,0,4/14/2022,15.8
25,W/T,Garrett Wilson,,5,19,17.5,1.5,4/14/2022,15.8
25,W/T,Drake London,,6,22,18.3,3.7,4/14/2022,15.8
25,W/T,Chris Olave,,7,27,26.3,0.7,4/14/2022,15.8
25,W/T,Skyy Moore,,8,30,30.4,-0.4,4/14/2022,15.8
25,W/T,George Pickens,,9,35,31,4,4/14/2022,15.8
25,RB,Khalil Herbert,CHI,10,38,38.6,-0.6,4/14/2022,15.8
25,W/T,Joshua Palmer,LAC,11,43,40.5,2.5,4/14/2022,15.8
25,RB,Zamir White,,12,46,45.7,0.3,4/14/2022,15.8
26,RB,Javonte Williams,DEN,1,2,2.5,-0.5,4/14/2022,11.5
26,W/T,Jaylen Waddle,MIA,2,7,5.6,1.4,4/14/2022,11.5
26,RB,Breece Hall,,3,10,8.5,1.5,4/14/2022,11.5
26,W/T,Elijah Moore,NYJ,4,15,12.8,2.2,4/14/2022,11.5
26,W/T,Garrett Wilson,,5,18,17.5,0.5,4/14/2022,11.5
26,RB,Kenneth Walker,,6,23,21.9,1.1,4/14/2022,11.5
26,W/T,Rashod Bateman,BAL,7,26,25.3,0.7,4/14/2022,11.5
26,W/T,Jahan Dotson,,8,31,34.7,-3.7,4/14/2022,11.5
26,QB,Malik Willis,,9,34,25.1,8.9,4/14/2022,11.5
26,QB,Kenny Pickett,,10,39,37.2,1.8,4/14/2022,11.5
26,QB,Matt Corral,,11,42,45.7,-3.7,4/14/2022,11.5
26,RB,Zamir White,,12,47,45.7,1.3,4/14/2022,11.5
27,W/T,Jamar Chase,CIN,1,1,1.1,-0.1,4/14/2022,-8.9
27,QB,Trevor Lawrence,JAX,2,8,6.1,1.9,4/14/2022,-8.9
27,QB,Zach Wilson,NYJ,3,9,11.4,-2.4,4/14/2022,-8.9
27,RB,Elijah Mitchell,SF,4,16,17,-1,4/14/2022,-8.9
27,W/T,Garrett Wilson,,5,17,17.5,-0.5,4/14/2022,-8.9
27,RB,Kenneth Walker,,6,24,21.9,2.1,4/14/2022,-8.9
27,W/T,Rondale Moore,AZ,7,25,23.5,1.5,4/14/2022,-8.9
27,W/T,Jahan Dotson,,8,32,34.7,-2.7,4/14/2022,-8.9
27,W/T,Nico Collins,HOU,9,33,35.8,-2.8,4/14/2022,-8.9
27,RB,Zamir White,,10,40,45.7,-5.7,4/14/2022,-8.9
27,W/T,Joshua Palmer,LAC,11,41,40.5,0.5,4/14/2022,-8.9
27,W/T,Calvin Austin,,12,48,47.7,0.3,4/14/2022,-8.9
28,RB,Najee Harris,PIT,1,4,3,1,4/14/2022,-13.4
28,QB,Trevor Lawrence,JAX,2,5,6.1,-1.1,4/14/2022,-13.4
28,W/T,Elijah Moore,NYJ,3,12,12.8,-0.8,4/14/2022,-13.4
28,QB,Mac Jones,NE,4,13,14,-1,4/14/2022,-13.4
28,W/T,Kadarius Toney,NYG,5,20,20.5,-0.5,4/14/2022,-13.4
28,W/T,Rondale Moore,AZ,6,21,23.5,-2.5,4/14/2022,-13.4
28,RB,Rhamondre Stevenson,NE,7,28,27.5,0.5,4/14/2022,-13.4
28,W/T,Skyy Moore,,8,29,30.4,-1.4,4/14/2022,-13.4
28,W/T,Nico Collins,HOU,9,36,35.8,0.2,4/14/2022,-13.4
28,W/T,Christian Watson,,10,37,38.7,-1.7,4/14/2022,-13.4
28,RB,James Cook,,11,44,47.6,-3.6,4/14/2022,-13.4
28,W/T,Dyami Brown,WAS,12,45,47.5,-2.5,4/14/2022,-13.4
29,W/T,Jamar Chase,CIN,1,1,1.1,-0.1,4/14/2022,3.9
29,QB,Justin Fields,CHI,2,8,7.3,0.7,4/14/2022,3.9
29,W/T,Jaylen Waddle,MIA,3,9,5.6,3.4,4/14/2022,3.9
29,RB,Elijah Mitchell,SF,4,16,17,-1,4/14/2022,3.9
29,QB,Davis Mills,HOU,5,17,21.5,-4.5,4/14/2022,3.9
29,W/T,Treylon Burks,,6,24,21.9,2.1,4/14/2022,3.9
29,W/T,Rondale Moore,AZ,7,23.5,25,-1.5,4/14/2022,3.9
29,W/T,Skyy Moore,,8,32,30.4,1.6,4/14/2022,3.9
29,W/T,Nico Collins,HOU,9,33,35.8,-2.8,4/14/2022,3.9
29,W/T,Jahan Dotson,,10,40,34.7,5.3,4/14/2022,3.9
29,RB,Brian Robinson Jr.,,11,41,40.7,0.3,4/14/2022,3.9
29,RB,James Cook,,12,48,47.6,0.4,4/14/2022,3.9
30,RB,Najee Harris,PIT,1,3,3,0,4/14/2022,6.4
30,QB,Trey Lance,SF,2,6,4.5,1.5,4/14/2022,6.4
30,QB,Justin Fields,CHI,3,11,7.3,3.7,4/14/2022,6.4
30,W/T,Devonta Smith,PHI,4,14,14.2,-0.2,4/14/2022,6.4
30,W/T,Drake London,,5,19,18.3,0.7,4/14/2022,6.4
30,W/T,Rondale Moore,AZ,6,22,23.5,-1.5,4/14/2022,6.4
30,RB,Kenneth Walker,,7,27,21.9,5.1,4/14/2022,6.4
30,W/T,Skyy Moore,,8,30,30.4,-0.4,4/14/2022,6.4
30,W/T,Jahan Dotson,,9,35,34.7,0.3,4/14/2022,6.4
30,RB,Khalil Herbert,CHI,10,38,38.6,-0.6,4/14/2022,6.4
30,W/T,Amari Rodgers,GB,11,43,43.7,-0.7,4/14/2022,6.4
30,W/T,Dyami Brown,WAS,12,46,47.5,-1.5,4/14/2022,6.4
31,W/T,Jamar Chase,CIN,1,1,1.1,-0.1,4/14/2022,-12.4
31,RB,Breece Hall,,2,8,8.5,-0.5,4/14/2022,-12.4
31,QB,Zach Wilson,NYJ,3,9,11.4,-2.4,4/14/2022,-12.4
31,W/T,Garrett Wilson,,4,16,17.5,-1.5,4/14/2022,-12.4
31,QB,Davis Mills,HOU,5,17,21.5,-4.5,4/14/2022,-12.4
31,W/T,Rashod Bateman,BAL,6,24,25.3,-1.3,4/14/2022,-12.4
31,W/T,Chris Olave,,7,25,26.3,-1.3,4/14/2022,-12.4
31,RB,Rhamondre Stevenson,NE,8,32,27.5,4.5,4/14/2022,-12.4
31,W/T,Nico Collins,HOU,9,33,35.8,-2.8,4/14/2022,-12.4
31,RB,Brian Robinson Jr.,,10,40,40.7,-0.7,4/14/2022,-12.4
31,RB,Kenneth Gainwell,PHI,11,41,43.3,-2.3,4/14/2022,-12.4
31,W/T,Dyami Brown,WAS,12,48,47.5,0.5,4/14/2022,-12.4
32,QB,Trey Lance,SF,1,4,4.5,-0.5,4/14/2022,0.6
32,QB,Trevor Lawrence,JAX,2,5,6.1,-1.1,4/14/2022,0.6
32,W/T,Elijah Moore,NYJ,3,12,12.8,-0.8,4/14/2022,0.6
32,W/T,Devonta Smith,PHI,4,13,14.2,-1.2,4/14/2022,0.6
32,RB,Michael Carter,NYJ,5,20,20.6,-0.6,4/14/2022,0.6
32,W/T,Treylon Burks,,6,21,21.9,-0.9,4/14/2022,0.6
32,W/T,Rashod Bateman,BAL,7,28,25.3,2.7,4/14/2022,0.6
32,W/T,Chris Olave,,8,29,26.3,2.7,4/14/2022,0.6
32,RB,Isaiah Spiller,,9,36,35.4,0.6,4/14/2022,0.6
32,W/T,Joshua Palmer,LAC,10,37,40.5,-3.5,4/14/2022,0.6
32,RB,Brian Robinson Jr.,,11,44,40.7,3.3,4/14/2022,0.6
32,RB,Trey Sermon,SF,12,45,45.1,-0.1,4/14/2022,0.6
33,W/T,Jamar Chase,CIN,1,1,1.1,-0.1,4/15/2022,-9.7
33,QB,Justin Fields,CHI,2,8,7.6,0.4,4/15/2022,-9.7
33,QB,Mac Jones,NE,3,9,13.2,-4.2,4/15/2022,-9.7
33,RB,Elijah Mitchell,SF,4,16,16.5,-0.5,4/15/2022,-9.7
33,W/T,Garrett Wilson,,5,17,17.6,-0.6,4/15/2022,-9.7
33,W/T,Rashod Bateman,BAL,6,24,25.4,-1.4,4/15/2022,-9.7
33,W/T,Jameson Williams,,7,25,27.8,-2.8,4/15/2022,-9.7
33,W/T,George Pickens,,8,32,31.3,0.7,4/15/2022,-9.7
33,W/T,Jahan Dotson,,9,33,34.2,-1.2,4/15/2022,-9.7
33,RB,Khalil Herbert,CHI,10,40,38.5,1.5,4/15/2022,-9.7
33,RB,Kenneth Gainwell,PHI,11,41,42.6,-1.6,4/15/2022,-9.7
33,RB,Dameon Pierce,,12,48,47.9,0.1,4/15/2022,-9.7
34,RB,Javonte Williams,DEN,1,4,2.5,1.5,4/15/2022,3.8
34,QB,Trevor Lawrence,JAX,2,5,6.2,-1.2,4/15/2022,3.8
34,W/T,Amon-Ra St. Brown,DET,3,12,12.1,-0.1,4/15/2022,3.8
34,QB,Mac Jones,NE,4,13,13.2,-0.2,4/15/2022,3.8
34,W/T,Kadarius Toney,NYG,5,20,20.8,-0.8,4/15/2022,3.8
34,W/T,Treylon Burks,,6,21,21.6,-0.6,4/15/2022,3.8
34,W/T,Rondale Moore,AZ,7,28,24.2,3.8,4/15/2022,3.8
34,W/T,Chris Olave,,8,29,26.1,2.9,4/15/2022,3.8
34,W/T,Jahan Dotson,,9,36,34.2,1.8,4/15/2022,3.8
34,W/T,Christian Watson,,10,37,37.8,-0.8,4/15/2022,3.8
34,RB,Trey Sermon,SF,11,44,44.4,-0.4,4/15/2022,3.8
34,RB,James Cook,,12,45,47.1,-2.1,4/15/2022,3.8
35,RB,Javonte Williams,DEN,1,2,2.6,-0.6,4/15/2022,-12.6
35,QB,Justin Fields,CHI,2,7,7.6,-0.6,4/15/2022,-12.6
35,QB,Mac Jones,NE,3,10,13.2,-3.2,4/15/2022,-12.6
35,RB,Travis Etienne,JAX,4,15,12.8,2.2,4/15/2022,-12.6
35,W/T,Kadarius Toney,NYG,5,18,20.8,-2.8,4/15/2022,-12.6
35,W/T,Rondale Moore,AZ,6,23,24.2,-1.2,4/15/2022,-12.6
35,W/T,Jameson Williams,,7,26,27.8,-1.8,4/15/2022,-12.6
35,RB,Rhamondre Stevenson,NE,8,31,27.4,3.6,4/15/2022,-12.6
35,W/T,Nico Collins,HOU,9,34,35.5,-1.5,4/15/2022,-12.6
35,W/T,Joshua Palmer,LAC,10,39,40.4,-1.4,4/15/2022,-12.6
35,W/T,Dyami Brown,WAS,11,42,47.3,-5.3,4/15/2022,-12.6
35,W/T,Justyn Ross,,12,47,47,0,4/15/2022,-12.6
36,QB,Trey Lance,SF,1,4,4.3,-0.3,4/15/2022,-5.4
36,QB,Trevor Lawrence,JAX,2,5,6.2,-1.2,4/15/2022,-5.4
36,RB,Travis Etienne,JAX,3,12,12.8,-0.8,4/15/2022,-5.4
36,W/T,Elijah Moore,NYJ,4,13,12.7,0.3,4/15/2022,-5.4
36,RB,Kenneth Walker,,5,20,21.8,-1.8,4/15/2022,-5.4
36,W/T,Rondale Moore,AZ,6,21,24.2,-3.2,4/15/2022,-5.4
36,W/T,Skyy Moore,,7,28,30.2,-2.2,4/15/2022,-5.4
36,W/T,George Pickens,,8,29,31.3,-2.3,4/15/2022,-5.4
36,W/T,Nico Collins,HOU,9,36,35.5,0.5,4/15/2022,-5.4
36,RB,Khalil Herbert,CHI,10,37,38.5,-1.5,4/15/2022,-5.4
36,W/T,Joshua Palmer,LAC,11,44,40.4,3.6,4/15/2022,-5.4
36,W/T,Khalil Shakir,,12,45,41.5,3.5,4/15/2022,-5.4
37,QB,Trey Lance,SF,1,4,4.3,-0.3,4/15/2022,0
37,QB,Trevor Lawrence,JAX,2,5,6.2,-1.2,4/15/2022,0
37,W/T,Amon-Ra St. Brown,DET,3,12,12.1,-0.1,4/15/2022,0
37,W/T,Devonta Smith,PHI,4,13,14.4,-1.4,4/15/2022,0
37,RB,Kenneth Walker,,5,20,21.8,-1.8,4/15/2022,0
37,W/T,Treylon Burks,,6,21,21.6,-0.6,4/15/2022,0
37,W/T,Rondale Moore,AZ,7,28,24.2,3.8,4/15/2022,0
37,W/T,Chris Olave,,8,29,26.1,2.9,4/15/2022,0
37,W/T,Christian Watson,,9,36,37.8,-1.8,4/15/2022,0
37,RB,Kenneth Gainwell,PHI,10,37,42.6,-5.6,4/15/2022,0
37,RB,Khalil Herbert,CHI,11,44,38.5,5.5,4/15/2022,0
37,RB,Trey Sermon,SF,12,45,44.4,0.6,4/15/2022,0
38,RB,Najee Harris,PIT,1,3,2.9,0.1,4/15/2022,1.6
38,QB,Trey Lance,SF,2,6,4.3,1.7,4/15/2022,1.6
38,QB,Mac Jones,NE,3,11,13.2,-2.2,4/15/2022,1.6
38,W/T,Elijah Moore,NYJ,4,14,12.7,1.3,4/15/2022,1.6
38,W/T,Kadarius Toney,NYG,5,19,20.8,-1.8,4/15/2022,1.6
38,W/T,Rondale Moore,AZ,6,22,24.2,-2.2,4/15/2022,1.6
38,W/T,Jameson Williams,,7,27,27.8,-0.8,4/15/2022,1.6
38,W/T,Chris Olave,,8,30,26.1,3.9,4/15/2022,1.6
38,W/T,Pat Freiermuth,PIT,9,35,33.9,1.1,4/15/2022,1.6
38,RB,Brian Robinson Jr.,,10,38,41.7,-3.7,4/15/2022,1.6
38,W/T,Joshua Palmer,LAC,11,43,40.4,2.6,4/15/2022,1.6
38,RB,Trey Sermon,SF,12,46,44.4,1.6,4/15/2022,1.6
39,RB,Najee Harris,PIT,1,3,2.9,0.1,4/15/2022,14.2
39,QB,Trevor Lawrence,JAX,2,6,6.2,-0.2,4/15/2022,14.2
39,W/T,Devonta Smith,PHI,3,11,14.4,-3.4,4/15/2022,14.2
39,QB,Mac Jones,NE,4,14,13.2,0.8,4/15/2022,14.2
39,W/T,Drake London,,5,19,17.8,1.2,4/15/2022,14.2
39,W/T,Kadarius Toney,NYG,6,22,20.8,1.2,4/15/2022,14.2
39,W/T,Rondale Moore,AZ,7,27,24.2,2.8,4/15/2022,14.2
39,W/T,Jameson Williams,,8,30,27.8,2.2,4/15/2022,14.2
39,W/T,Skyy Moore,,9,35,30.2,4.8,4/15/2022,14.2
39,W/T,Pat Freiermuth,PIT,10,38,33.9,4.1,4/15/2022,14.2
39,RB,Kenneth Gainwell,PHI,11,43,42.6,0.4,4/15/2022,14.2
39,RB,Zamir White,,12,46,45.8,0.2,4/15/2022,14.2
40,RB,Javonte Williams,DEN,1,2,2.6,-0.6,4/15/2022,1.1
40,QB,Trey Lance,SF,2,7,4.3,2.7,4/15/2022,1.1
40,QB,Zach Wilson,NYJ,3,10,11.2,-1.2,4/15/2022,1.1
40,W/T,Elijah Moore,NYJ,4,15,12.7,2.3,4/15/2022,1.1
40,W/T,Garrett Wilson,,5,18,17.6,0.4,4/15/2022,1.1
40,W/T,Kadarius Toney,NYG,6,23,20.8,2.2,4/15/2022,1.1
40,W/T,Rondale Moore,AZ,7,26,24.2,1.8,4/15/2022,1.1
40,W/T,Jahan Dotson,,8,31,34.2,-3.2,4/15/2022,1.1
40,W/T,Christian Watson,,9,34,37.8,-3.8,4/15/2022,1.1
40,RB,Khalil Herbert,CHI,10,39,38.5,0.5,4/15/2022,1.1
40,RB,Brian Robinson Jr.,,11,42,41.7,0.3,4/15/2022,1.1
40,W/T,Dyami Brown,WAS,12,47,47.3,-0.3,4/15/2022,1.1
41,RB,Javonte Williams,DEN,1,2,2.6,-0.6,4/15/2022,-1.5
41,QB,Trey Lance,SF,2,7,4.3,2.7,4/15/2022,-1.5
41,QB,Mac Jones,NE,3,10,13.2,-3.2,4/15/2022,-1.5
41,RB,Travis Etienne,JAX,4,15,12.8,2.2,4/15/2022,-1.5
41,W/T,Drake London,,5,18,17.8,0.2,4/15/2022,-1.5
41,W/T,Treylon Burks,,6,23,21.6,1.4,4/15/2022,-1.5
41,W/T,Jameson Williams,,7,26,27.8,-1.8,4/15/2022,-1.5
41,W/T,George Pickens,,8,31,31.3,-0.3,4/15/2022,-1.5
41,W/T,Jahan Dotson,,9,34,34.2,-0.2,4/15/2022,-1.5
41,W/T,Joshua Palmer,LAC,10,39,40.4,-1.4,4/15/2022,-1.5
41,W/T,Amari Rodgers,GB,11,42,41.8,0.2,4/15/2022,-1.5
41,W/T,Anthony Schwartz,CLE,12,47,47.7,-0.7,4/15/2022,-1.5
42,RB,Javonte Williams,DEN,1,2,2.6,-0.6,4/15/2022,14.4
42,W/T,Jaylen Waddle,MIA,2,7,5.5,1.5,4/15/2022,14.4
42,QB,Zach Wilson,NYJ,3,10,11.2,-1.2,4/15/2022,14.4
42,W/T,Devonta Smith,PHI,4,15,14.4,0.6,4/15/2022,14.4
42,W/T,Garrett Wilson,,5,18,17.6,0.4,4/15/2022,14.4
42,QB,Davis Mills,HOU,6,23,21.4,1.6,4/15/2022,14.4
42,W/T,Kadarius Toney,NYG,7,26,20.8,5.2,4/15/2022,14.4
42,W/T,Rondale Moore,AZ,8,31,24.2,6.8,4/15/2022,14.4
42,W/T,Skyy Moore,,9,34,30.2,3.8,4/15/2022,14.4
42,W/T,Joshua Palmer,LAC,10,39,40.2,-1.2,4/15/2022,14.4
42,RB,Trey Sermon,SF,11,42,44.4,-2.4,4/15/2022,14.4
42,RB,James Cook,,12,47,47.1,-0.1,4/15/2022,14.4
43,W/T,Jamar Chase,CIN,1,2,1.1,0.9,4/15/2022,5.1
43,QB,Justin Fields,CHI,2,7,7.6,-0.6,4/15/2022,5.1
43,QB,Mac Jones,NE,3,10,13.2,-3.2,4/15/2022,5.1
43,RB,Travis Etienne,JAX,4,15,12.8,2.2,4/15/2022,5.1
43,W/T,Drake London,,5,18,17.8,0.2,4/15/2022,5.1
43,W/T,Kadarius Toney,NYG,6,23,20.8,2.2,4/15/2022,5.1
43,W/T,Rondale Moore,AZ,7,26,24.2,1.8,4/15/2022,5.1
43,W/T,Skyy Moore,,8,31,30.2,0.8,4/15/2022,5.1
43,W/T,Nico Collins,HOU,9,34,35.5,-1.5,4/15/2022,5.1
43,RB,Khalil Herbert,CHI,10,39,38.5,0.5,4/15/2022,5.1
43,RB,Zamir White,,11,42,42.8,-0.8,4/15/2022,5.1
43,RB,Trey Sermon,SF,12,47,44.4,2.6,4/15/2022,5.1
44,RB,Najee Harris,PIT,1,3,2.9,0.1,4/15/2022,5.5
44,QB,Trevor Lawrence,JAX,2,6,6.2,-0.2,4/15/2022,5.5
44,W/T,Kyle Pitts,ATL,3,11,9.5,1.5,4/15/2022,5.5
44,QB,Justin Fields,CHI,4,14,7.6,6.4,4/15/2022,5.5
44,RB,Travis Etienne,JAX,5,19,12.8,6.2,4/15/2022,5.5
44,W/T,Kadarius Toney,NYG,6,22,20.8,1.2,4/15/2022,5.5
44,W/T,Rondale Moore,AZ,7,27,24.2,2.8,4/15/2022,5.5
44,W/T,George Pickens,,8,30,31.3,-1.3,4/15/2022,5.5
44,RB,Khalil Herbert,CHI,9,35,38.5,-3.5,4/15/2022,5.5
44,W/T,David Bell,,10,38,44.6,-6.6,4/15/2022,5.5
44,W/T,Jalen Tolbert,,11,43,43.8,-0.8,4/15/2022,5.5
44,W/T,Dyami Brown,WAS,12,46,46.3,-0.3,4/15/2022,5.5
45,RB,Javonte Williams,DEN,1,3,2.6,0.4,4/15/2022,7.5
45,QB,Justin Fields,CHI,2,6,7.6,-1.6,4/15/2022,7.5
45,W/T,Kyle Pitts,ATL,3,11,9.5,1.5,4/15/2022,7.5
45,W/T,Devonta Smith,PHI,4,14,14.4,-0.4,4/15/2022,7.5
45,RB,Travis Etienne,JAX,5,19,12.8,6.2,4/15/2022,7.5
45,QB,Davis Mills,HOU,6,22,21.4,0.6,4/15/2022,7.5
45,W/T,Rashod Bateman,BAL,7,27,25.4,1.6,4/15/2022,7.5
45,W/T,Skyy Moore,,8,30,30.2,-0.2,4/15/2022,7.5
45,W/T,Nico Collins,HOU,9,35,35.5,-0.5,4/15/2022,7.5
45,RB,Khalil Herbert,CHI,10,38,38.5,-0.5,4/15/2022,7.5
45,W/T,Khalil Shakir,,11,43,43.1,-0.1,4/15/2022,7.5
45,W/T,John Metchie,,12,46,45.5,0.5,4/15/2022,7.5
46,RB,Javonte Williams,DEN,1,3,2.6,0.4,4/15/2022,-1.6
46,QB,Trevor Lawrence,JAX,2,6,6.2,-0.2,4/15/2022,-1.6
46,RB,Breece Hall,,3,11,8.7,2.3,4/15/2022,-1.6
46,QB,Mac Jones,NE,4,14,13.2,0.8,4/15/2022,-1.6
46,W/T,Drake London,,5,19,17.8,1.2,4/15/2022,-1.6
46,W/T,Rondale Moore,AZ,6,22,24.2,-2.2,4/15/2022,-1.6
46,W/T,Rashod Bateman,BAL,7,27,25.4,1.6,4/15/2022,-1.6
46,W/T,Skyy Moore,,8,30,30.2,-0.2,4/15/2022,-1.6
46,W/T,Joshua Palmer,LAC,9,35,40.4,-5.4,4/15/2022,-1.6
46,W/T,Dyami Brown,WAS,10,38,37.3,0.7,4/15/2022,-1.6
46,W/T,Amari Rodgers,GB,11,43,44.8,-1.8,4/15/2022,-1.6
46,W/T,Jalen Tolbert,,12,46,44.8,1.2,4/15/2022,-1.6
47,RB,Javonte Williams,DEN,1,4,2.6,1.4,4/15/2022,7.8
47,QB,Trey Lance,SF,2,5,4.3,0.7,4/15/2022,7.8
47,W/T,Kyle Pitts,ATL,3,12,9.5,2.5,4/15/2022,7.8
47,W/T,Elijah Moore,NYJ,4,13,12.7,0.3,4/15/2022,7.8
47,RB,Elijah Mitchell,SF,5,20,16.5,3.5,4/15/2022,7.8
47,W/T,Drake London,,6,21,17.8,3.2,4/15/2022,7.8
47,W/T,Chris Olave,,7,28,26.1,1.9,4/15/2022,7.8
47,W/T,George Pickens,,8,29,31.3,-2.3,4/15/2022,7.8
47,QB,Kenny Pickett,,9,36,37.1,-1.1,4/15/2022,7.8
47,W/T,Christian Watson,,10,37,37.8,-0.8,4/15/2022,7.8
47,QB,Matt Corral,,11,44,45.2,-1.2,4/15/2022,7.8
47,W/T,Dyami Brown,WAS,12,45,45.3,-0.3,4/15/2022,7.8
48,W/T,Jamar Chase,CIN,1,1,1.1,-0.1,4/15/2022,4.1
48,QB,Trevor Lawrence,JAX,2,8,6.2,1.8,4/15/2022,4.1
48,QB,Justin Fields,CHI,3,9,7.6,1.4,4/15/2022,4.1
48,W/T,Drake London,,4,16,17.6,-1.6,4/15/2022,4.1
48,W/T,Garrett Wilson,,5,17,17.8,-0.8,4/15/2022,4.1
48,RB,Kenneth Walker,,6,24,21.8,2.2,4/15/2022,4.1
48,W/T,Rashod Bateman,BAL,7,25,25.4,-0.4,4/15/2022,4.1
48,W/T,George Pickens,,8,32,31.3,0.7,4/15/2022,4.1
48,W/T,Jahan Dotson,,9,33,34.2,-1.2,4/15/2022,4.1
48,RB,Khalil Herbert,CHI,10,40,38.5,1.5,4/15/2022,4.1
48,RB,Kenneth Gainwell,PHI,11,41,42.6,-1.6,4/15/2022,4.1
48,RB,Zamir White,,12,48,45.8,2.2,4/15/2022,4.1
49,RB,Javonte Williams,DEN,1,3,2.6,0.4,4/15/2022,1.3
49,QB,Trey Lance,SF,2,6,4.3,1.7,4/15/2022,1.3
49,QB,Mac Jones,NE,3,11,13.2,-2.2,4/15/2022,1.3
49,RB,Breece Hall,,4,14,8.7,5.3,4/15/2022,1.3
49,W/T,Kadarius Toney,NYG,5,19,20.8,-1.8,4/15/2022,1.3
49,W/T,Treylon Burks,,6,22,21.6,0.4,4/15/2022,1.3
49,W/T,Rondale Moore,AZ,7,27,24.2,2.8,4/15/2022,1.3
49,W/T,George Pickens,,8,30,31.3,-1.3,4/15/2022,1.3
49,W/T,Nico Collins,HOU,9,35,35.5,-0.5,4/15/2022,1.3
49,W/T,Joshua Palmer,LAC,10,38,40.4,-2.4,4/15/2022,1.3
49,RB,Trey Sermon,SF,11,43,44.4,-1.4,4/15/2022,1.3
49,W/T,Calvin Austin,,12,46,45.7,0.3,4/15/2022,1.3
50,RB,Najee Harris,PIT,1,2,2.9,-0.9,4/15/2022,6.1
50,QB,Trevor Lawrence,JAX,2,7,6.2,0.8,4/15/2022,6.1
50,QB,Justin Fields,CHI,3,10,7.6,2.4,4/15/2022,6.1
50,RB,Travis Etienne,JAX,4,15,12.8,2.2,4/15/2022,6.1
50,W/T,Garrett Wilson,,5,18,17.6,0.4,4/15/2022,6.1
50,W/T,Rashod Bateman,BAL,6,23,25.4,-2.4,4/15/2022,6.1
50,W/T,Jameson Williams,,7,26,27.8,-1.8,4/15/2022,6.1
50,W/T,Skyy Moore,,8,31,30.2,0.8,4/15/2022,6.1
50,W/T,Jahan Dotson,,9,34,34.2,-0.2,4/15/2022,6.1
50,W/T,Nico Collins,HOU,10,39,35.5,3.5,4/15/2022,6.1
50,W/T,Joshua Palmer,LAC,11,42,40.4,1.6,4/15/2022,6.1
50,W/T,Dyami Brown,WAS,12,47,47.3,-0.3,4/15/2022,6.1
51,RB,Javonte Williams,DEN,1,2,2.6,-0.6,4/15/2022,8.9
51,QB,Trevor Lawrence,JAX,2,7,6.2,0.8,4/15/2022,8.9
51,QB,Zach Wilson,NYJ,3,10,11.2,-1.2,4/15/2022,8.9
51,W/T,Devonta Smith,PHI,4,15,14.4,0.6,4/15/2022,8.9
51,W/T,Garrett Wilson,,5,18,17.6,0.4,4/15/2022,8.9
51,RB,Kenneth Walker,,6,23,21.8,1.2,4/15/2022,8.9
51,W/T,Rondale Moore,AZ,7,26,24.2,1.8,4/15/2022,8.9
51,W/T,Skyy Moore,,8,31,30.2,0.8,4/15/2022,8.9
51,W/T,Jahan Dotson,,9,34,34.2,-0.2,4/15/2022,8.9
51,W/T,Nico Collins,HOU,10,39,35.5,3.5,4/15/2022,8.9
51,RB,Brian Robinson Jr.,,11,42,41.7,0.3,4/15/2022,8.9
51,W/T,John Metchie,,12,47,45.5,1.5,4/15/2022,8.9
52,RB,Najee Harris,PIT,1,2,2.9,-0.9,4/15/2022,-2.3
52,QB,Trevor Lawrence,JAX,2,7,6.2,0.8,4/15/2022,-2.3
52,W/T,Kyle Pitts,ATL,3,10,9.5,0.5,4/15/2022,-2.3
52,RB,Travis Etienne,JAX,4,15,12.8,2.2,4/15/2022,-2.3
52,QB,Davis Mills,HOU,5,18,21.4,-3.4,4/15/2022,-2.3
52,W/T,Kadarius Toney,NYG,6,23,20.8,2.2,4/15/2022,-2.3
52,W/T,Jameson Williams,,7,26,27.8,-1.8,4/15/2022,-2.3
52,W/T,Skyy Moore,,8,31,30.2,0.8,4/15/2022,-2.3
52,W/T,Jahan Dotson,,9,34,34.2,-0.2,4/15/2022,-2.3
52,W/T,Joshua Palmer,LAC,10,39,40.4,-1.4,4/15/2022,-2.3
52,W/T,Amari Rodgers,GB,11,42,44.8,-2.8,4/15/2022,-2.3
52,W/T,Dyami Brown,WAS,12,47,45.3,1.7,4/15/2022,-2.3
53,RB,Javonte Williams,DEN,1,3,2.5,0.5,4/15/2022,-5.6
53,QB,Trey Lance,SF,2,6,4.3,1.7,4/15/2022,-5.6
53,QB,Mac Jones,NE,3,11,13.2,-2.2,4/15/2022,-5.6
53,W/T,Elijah Moore,NYJ,4,14,12.7,1.3,4/15/2022,-5.6
53,W/T,Kadarius Toney,NYG,5,19,20.8,-1.8,4/15/2022,-5.6
53,W/T,Treylon Burks,,6,22,21.6,0.4,4/15/2022,-5.6
53,W/T,Jameson Williams,,7,27,27.8,-0.8,4/15/2022,-5.6
53,W/T,Skyy Moore,,8,30,30.2,-0.2,4/15/2022,-5.6
53,W/T,Joshua Palmer,LAC,9,35,40.4,-5.4,4/15/2022,-5.6
53,RB,Brian Robinson Jr.,,10,38,41.7,-3.7,4/15/2022,-5.6
53,W/T,Dyami Brown,WAS,11,43,41.3,1.7,4/15/2022,-5.6
53,RB,James Cook,,12,46,43.1,2.9,4/15/2022,-5.6
54,QB,Trey Lance,SF,1,4,4.3,-0.3,4/15/2022,0.3
54,QB,Trevor Lawrence,JAX,2,5,6.2,-1.2,4/15/2022,0.3
54,W/T,Elijah Moore,NYJ,3,12,12.7,-0.7,4/15/2022,0.3
54,W/T,Devonta Smith,PHI,4,13,14.4,-1.4,4/15/2022,0.3
54,W/T,Drake London,,5,20,17.8,2.2,4/15/2022,0.3
54,W/T,Garrett Wilson,,6,21,17.6,3.4,4/15/2022,0.3
54,W/T,Rashod Bateman,BAL,7,28,25.4,2.6,4/15/2022,0.3
54,RB,Rhamondre Stevenson,NE,8,29,27.4,1.6,4/15/2022,0.3
54,RB,Brian Robinson Jr.,,9,36,41.7,-5.7,4/15/2022,0.3
54,RB,Kenneth Gainwell,PHI,10,37,42.1,-5.1,4/15/2022,0.3
54,RB,Trey Sermon,SF,11,44,41.4,2.6,4/15/2022,0.3
54,W/T,Calvin Austin,,12,45,42.7,2.3,4/15/2022,0.3
55,RB,Najee Harris,PIT,1,2,2.9,-0.9,4/15/2022,7.4
55,QB,Justin Fields,CHI,2,7,7.6,-0.6,4/15/2022,7.4
55,QB,Zach Wilson,NYJ,3,10,11.2,-1.2,4/15/2022,7.4
55,W/T,Elijah Moore,NYJ,4,15,12.7,2.3,4/15/2022,7.4
55,W/T,Drake London,,5,18,17.8,0.2,4/15/2022,7.4
55,W/T,Rashod Bateman,BAL,6,23,25.4,-2.4,4/15/2022,7.4
55,W/T,Jameson Williams,,7,26,27.8,-1.8,4/15/2022,7.4
55,W/T,Rondale Moore,AZ,8,31,24.2,6.8,4/15/2022,7.4
55,W/T,Skyy Moore,,9,34,30.2,3.8,4/15/2022,7.4
55,W/T,Christian Watson,,10,39,37.8,1.2,4/15/2022,7.4
55,RB,James Cook,,11,42,42,0,4/15/2022,7.4
55,RB,Dameon Pierce,,12,47,47,0,4/15/2022,7.4
56,QB,Trey Lance,SF,1,4,4.6,-0.6,4/17/2022,3.9
56,W/T,Jaylen Waddle,MIA,2,5,5.8,-0.8,4/17/2022,3.9
56,QB,Zach Wilson,NYJ,3,12,10.2,1.8,4/17/2022,3.9
56,W/T,Elijah Moore,NYJ,4,13,12.6,0.4,4/17/2022,3.9
56,RB,Michael Carter,NYJ,5,20,18.9,1.1,4/17/2022,3.9
56,W/T,Kadarius Toney,NYG,6,21,20.4,0.6,4/17/2022,3.9
56,W/T,Skyy Moore,,7,28,30.4,-2.4,4/17/2022,3.9
56,RB,Rhamondre Stevenson,NE,8,29,26.6,2.4,4/17/2022,3.9
56,RB,Isaiah Spiller,,9,36,33.5,2.5,4/17/2022,3.9
56,W/T,Jalen Tolbert,,10,37,37,0,4/17/2022,3.9
56,RB,Trey Sermon,SF,11,44,45.1,-1.1,4/17/2022,3.9
56,W/T,Ihmir Smith-Marsette,MIN,12,45,45,0,4/17/2022,3.9
57,W/T,Jamar Chase,CIN,1,1,1.1,-0.1,4/17/2022,8.2
57,QB,Trevor Lawrence,JAX,2,8,6.1,1.9,4/17/2022,8.2
57,QB,Justin Fields,CHI,3,9,8,1,4/17/2022,8.2
57,RB,Elijah Mitchell,SF,4,16,16.3,-0.3,4/17/2022,8.2
57,W/T,Drake London,,5,17,18.6,-1.6,4/17/2022,8.2
57,W/T,Rashod Bateman,BAL,6,24,25.6,-1.6,4/17/2022,8.2
57,W/T,Jameson Williams,,7,25,27.6,-2.6,4/17/2022,8.2
57,RB,Rhamondre Stevenson,NE,8,32,26.6,5.4,4/17/2022,8.2
57,W/T,Christian Watson,,9,33,36.3,-3.3,4/17/2022,8.2
57,RB,Isaiah Spiller,,10,40,33.5,6.5,4/17/2022,8.2
57,W/T,Dyami Brown,WAS,11,41,41,0,4/17/2022,8.2
57,W/T,Wandale Robinson,,12,48,45.1,2.9,4/17/2022,8.2
58,W/T,Jamar Chase,CIN,1,1,1.1,-0.1,4/17/2022,7.1
58,QB,Zach Wilson,NYJ,2,8,10.2,-2.2,4/17/2022,7.1
58,W/T,Elijah Moore,NYJ,3,9,12.6,-3.6,4/17/2022,7.1
58,QB,Mac Jones,NE,4,16,12.3,3.7,4/17/2022,7.1
58,W/T,Drake London,,5,17,18.6,-1.6,4/17/2022,7.1
58,RB,Kenneth Walker,,6,24,21.4,2.6,4/17/2022,7.1
58,W/T,Jameson Williams,,7,25,27.6,-2.6,4/17/2022,7.1
58,RB,Rhamondre Stevenson,NE,8,32,26.6,5.4,4/17/2022,7.1
58,W/T,Skyy Moore,,9,33,30.4,2.6,4/17/2022,7.1
58,RB,James Cook,,10,40,40,0,4/17/2022,7.1
58,W/T,Dyami Brown,WAS,11,41,41,0,4/17/2022,7.1
58,RB,Trey Sermon,SF,12,48,45.1,2.9,4/17/2022,7.1
59,QB,Trey Lance,SF,1,4,4.7,-0.7,4/17/2022,6.3
59,W/T,Jaylen Waddle,MIA,2,5,5.9,-0.9,4/17/2022,6.3
59,W/T,Elijah Moore,NYJ,3,12,12.1,-0.1,4/17/2022,6.3
59,W/T,Amon-Ra St. Brown,DET,4,13,12,1,4/17/2022,6.3
59,QB,Davis Mills,HOU,5,20,20.6,-0.6,4/17/2022,6.3
59,W/T,Michael Carter,NYJ,6,21,18.7,2.3,4/17/2022,6.3
59,W/T,Rashod Bateman,BAL,7,28,25.3,2.7,4/17/2022,6.3
59,W/T,Jameson Williams,,8,29,27.2,1.8,4/17/2022,6.3
59,W/T,Nico Collins,HOU,9,36,36.5,-0.5,4/17/2022,6.3
59,RB,Isaiah Spiller,,10,37,34,3,4/17/2022,6.3
59,RB,Zamir White,,11,44,45.2,-1.2,4/17/2022,6.3
59,RB,Trey Sermon,SF,12,45,45.5,-0.5,4/17/2022,6.3
60,RB,Javonte Williams,DEN,1,2,2.5,-0.5,4/17/2022,16.9
60,QB,Trevor Lawrence,JAX,2,7,6.3,0.7,4/17/2022,16.9
60,QB,Justin Fields,CHI,3,10,8.3,1.7,4/17/2022,16.9
60,W/T,Kyle Pitts,ATL,4,15,9.5,5.5,4/17/2022,16.9
60,W/T,Drake London,,5,18,19.4,-1.4,4/17/2022,16.9
60,RB,Kenneth Walker,,6,23,21,2,4/17/2022,16.9
60,W/T,Treylon Burks,,7,26,23,3,4/17/2022,16.9
60,RB,Rhamondre Stevenson,NE,8,31,27,4,4/17/2022,16.9
60,W/T,Jahan Dotson,,9,34,34,0,4/17/2022,16.9
60,W/T,Nico Collins,HOU,10,39,36.5,2.5,4/17/2022,16.9
60,W/T,Dyami Brown,WAS,11,41,41.6,-0.6,4/17/2022,16.9
60,W/T,Dazz Newsome,CHI,12,47,47,0,4/17/2022,16.9
61,W/T,Jamar Chase,CIN,1,1,1.1,-0.1,4/17/2022,5
61,W/T,Jaylen Waddle,MIA,2,8,5.9,2.1,4/17/2022,5
61,QB,Zach Wilson,NYJ,3,9,10.7,-1.7,4/17/2022,5
61,RB,Elijah Mitchell,SF,4,16,16.2,-0.2,4/17/2022,5
61,W/T,Drake London,,5,17,19.4,-2.4,4/17/2022,5
61,W/T,Treylon Burks,,6,24,23,1,4/17/2022,5
61,W/T,Jameson Williams,,7,25,27.2,-2.2,4/17/2022,5
61,W/T,Skyy Moore,,8,32,30.6,1.4,4/17/2022,5
61,W/T,Jahan Dotson,,9,33,34,-1,4/17/2022,5
61,QB,Kenny Pickett,,10,40,39,1,4/17/2022,5
61,RB,Kenneth Gainwell,PHI,11,41,42.7,-1.7,4/17/2022,5
61,RB,Khalil Herbert,CHI,12,48,39.2,8.8,4/17/2022,5
62,W/T,Jamar Chase,CIN,1,1,1.1,-0.1,4/18/2022,-3.7
62,QB,Trevor Lawrence,JAX,2,8,6.3,1.7,4/18/2022,-3.7
62,RB,Travis Etienne,JAX,3,9,11,-2,4/18/2022,-3.7
62,QB,Mac Jones,NE,4,16,12.9,3.1,4/18/2022,-3.7
62,W/T,Garrett Wilson,,5,17,18,-1,4/18/2022,-3.7
62,W/T,Rondale Moore,AZ,6,24,24.5,-0.5,4/18/2022,-3.7
62,W/T,Chris Olave,,7,25,26.1,-1.1,4/18/2022,-3.7
62,W/T,Jahan Dotson,,8,32,34,-2,4/18/2022,-3.7
62,W/T,Christian Watson,,9,33,34.7,-1.7,4/18/2022,-3.7
62,RB,Trey Sermon,SF,10,41,41.5,-0.5,4/18/2022,-3.7
62,W/T,Dyami Brown,WAS,11,40,41.5,-1.5,4/18/2022,-3.7
62,RB,James Cook,,12,48,46.1,1.9,4/18/2022,-3.7
63,RB,Javonte Williams,DEN,1,3,2.5,0.5,4/18/2022,-0.1
63,RB,Breece Hall,,2,6,8,-2,4/18/2022,-0.1
63,QB,Zach Wilson,NYJ,3,11,10.7,0.3,4/18/2022,-0.1
63,QB,Mac Jones,NE,4,14,12.9,1.1,4/18/2022,-0.1
63,W/T,Kadarius Toney,NYG,5,19,20,-1,4/18/2022,-0.1
63,W/T,Treylon Burks,,6,22,23,-1,4/18/2022,-0.1
63,W/T,Rondale Moore,AZ,7,27,24.5,2.5,4/18/2022,-0.1
63,RB,Rhamondre Stevenson,NE,8,30,27,3,4/18/2022,-0.1
63,W/T,Nico Collins,HOU,9,35,36.5,-1.5,4/18/2022,-0.1
63,W/T,Joshua Palmer,LAC,10,38,39.6,-1.6,4/18/2022,-0.1
63,W/T,Jalen Tolbert,,11,43,43.5,-0.5,4/18/2022,-0.1
63,W/T,Calvin Austin,,12,46,45.9,0.1,4/18/2022,-0.1
64,RB,Javonte Williams,DEN,1,2,2.5,-0.5,4/18/2022,20.4
64,QB,Trey Lance,SF,2,7,4.7,2.3,4/18/2022,20.4
64,W/T,Devonta Smith,PHI,3,10,10.2,-0.2,4/18/2022,20.4
64,W/T,Elijah Moore,NYJ,4,15,12.1,2.9,4/18/2022,20.4
64,W/T,Amon-Ra St. Brown,DET,5,18,12,6,4/18/2022,20.4
64,W/T,Kadarius Toney,NYG,6,23,20,3,4/18/2022,20.4
64,W/T,Jameson Williams,,7,26,27.2,-1.2,4/18/2022,20.4
64,QB,Davis Mills,HOU,8,31,20.6,10.4,4/18/2022,20.4
64,W/T,Nico Collins,HOU,9,34,36.5,-2.5,4/18/2022,20.4
64,RB,Trey Sermon,SF,10,39,41.5,-2.5,4/18/2022,20.4
64,RB,Zamir White,,11,42,41.7,0.3,4/18/2022,20.4
64,RB,Dameon Pierce,,12,47,44.6,2.4,4/18/2022,20.4
65,W/T,Jamar Chase,CIN,1,1,1.1,-0.1,4/18/2022,4.4
65,QB,Justin Fields,CHI,2,8,7,1,4/18/2022,4.4
65,QB,Zach Wilson,NYJ,3,9,10.7,-1.7,4/18/2022,4.4
65,RB,Travis Etienne,JAX,4,16,13,3,4/18/2022,4.4
65,RB,Elijah Mitchell,SF,5,17,16.2,0.8,4/18/2022,4.4
65,W/T,Rondale Moore,AZ,6,24,24.5,-0.5,4/18/2022,4.4
65,W/T,Jameson Williams,,7,25,27.2,-2.2,4/18/2022,4.4
65,W/T,Skyy Moore,,8,32,30.6,1.4,4/18/2022,4.4
65,W/T,Jahan Dotson,,9,33,34,-1,4/18/2022,4.4
65,RB,Khalil Herbert,CHI,10,40,39.2,0.8,4/18/2022,4.4
65,W/T,Joshua Palmer,LAC,11,41,39.6,1.4,4/18/2022,4.4
65,W/T,Amari Rodgers,GB,12,48,46.5,1.5,4/18/2022,4.4
66,W/T,Jamar Chase,CIN,1,1,1.1,-0.1,4/18/2022,10.6
66,QB,Justin Fields,CHI,2,8,7,1,4/18/2022,10.6
66,W/T,Kyle Pitts,ATL,3,9,9.5,-0.5,4/18/2022,10.6
66,RB,Travis Etienne,JAX,4,16,13,3,4/18/2022,10.6
66,W/T,Drake London,,5,17,19.4,-2.4,4/18/2022,10.6
66,RB,Kenneth Walker,,6,24,21,3,4/18/2022,10.6
66,W/T,Jameson Williams,,7,25,27.2,-2.2,4/18/2022,10.6
66,RB,Rhamondre Stevenson,NE,8,32,27,5,4/18/2022,10.6
66,W/T,George Pickens,,9,33,30.6,2.4,4/18/2022,10.6
66,QB,Kenny Pickett,,10,40,39,1,4/18/2022,10.6
66,QB,Matt Corral,,11,41,41,0,4/18/2022,10.6
66,W/T,Dyami Brown,WAS,12,48,47.6,0.4,4/18/2022,10.6
67,RB,Najee Harris,PIT,1,2,2.8,-0.8,4/18/2022,7
67,QB,Justin Fields,CHI,2,7,8.3,-1.3,4/18/2022,7
67,W/T,Kyle Pitts,ATL,3,10,9.5,0.5,4/18/2022,7
67,W/T,Amon-Ra St. Brown,DET,4,15,12,3,4/18/2022,7
67,RB,Travis Etienne,JAX,5,18,13,5,4/18/2022,7
67,W/T,Drake London,,6,23,19.4,3.6,4/18/2022,7
67,W/T,Jameson Williams,,7,26,27.2,-1.2,4/18/2022,7
67,W/T,George Pickens,,8,31,30.6,0.4,4/18/2022,7
67,W/T,Jahan Dotson,,9,32,34,-2,4/18/2022,7
67,QB,Matt Corral,,10,39,39,0,4/18/2022,7
67,QB,Desmond Ridder,,11,42,42.2,-0.2,4/18/2022,7
67,W/T,Dazz Newsome,,12,47,47,0,4/18/2022,7
68,RB,Najee Harris,PIT,1,2,2.5,-0.5,4/18/2022,-1.4
68,QB,Trevor Lawrence,JAX,2,7,6.3,0.7,4/18/2022,-1.4
68,W/T,Elijah Moore,NYJ,3,10,12.1,-2.1,4/18/2022,-1.4
68,QB,Mac Jones,NE,4,15,12.9,2.1,4/18/2022,-1.4
68,W/T,Garrett Wilson,,5,18,18,0,4/18/2022,-1.4
68,W/T,Rondale Moore,AZ,6,23,24.5,-1.5,4/18/2022,-1.4
68,W/T,Rashod Bateman,BAL,7,26,25.3,0.7,4/18/2022,-1.4
68,W/T,George Pickens,,8,31,30.6,0.4,4/18/2022,-1.4
68,W/T,Christian Watson,,9,34,35.7,-1.7,4/18/2022,-1.4
68,RB,Khalil Herbert,CHI,10,39,39.2,-0.2,4/18/2022,-1.4
68,RB,Brian Robinson Jr.,,11,42,42.2,-0.2,4/18/2022,-1.4
68,RB,James Cook,,12,47,46.1,0.9,4/18/2022,-1.4
69,RB,Najee Harris,PIT,1,3,2.8,0.2,4/18/2022,-1.6
69,RB,Breece Hall,,2,6,8,-2,4/18/2022,-1.6
69,QB,Zach Wilson,NYJ,3,11,10.7,0.3,4/18/2022,-1.6
69,W/T,Elijah Moore,NYJ,4,14,12.1,1.9,4/18/2022,-1.6
69,W/T,Garrett Wilson,,5,19,18,1,4/18/2022,-1.6
69,W/T,Treylon Burks,,6,22,23,-1,4/18/2022,-1.6
69,W/T,Rashod Bateman,BAL,7,27,25.3,1.7,4/18/2022,-1.6
69,W/T,George Pickens,,8,30,30.6,-0.6,4/18/2022,-1.6
69,W/T,Nico Collins,HOU,9,35,36.5,-1.5,4/18/2022,-1.6
69,QB,Kenny Pickett,,10,38,39,-1,4/18/2022,-1.6
69,QB,Desmond Ridder,,11,43,43,0,4/18/2022,-1.6
69,W/T,Dyami Brown,WAS,12,46,46.6,-0.6,4/18/2022,-1.6
70,RB,Javonte Williams,DEN,1,3,2.5,0.5,4/18/2022,0.2
70,QB,Trevor Lawrence,JAX,2,6,6.3,-0.3,4/18/2022,0.2
70,RB,Travis Etienne,JAX,3,11,13.2,-2.2,4/18/2022,0.2
70,W/T,Amon-Ra St. Brown,DET,4,14,10.7,3.3,4/18/2022,0.2
70,W/T,Garrett Wilson,,5,19,18,1,4/18/2022,0.2
70,W/T,Treylon Burks,,6,22,23,-1,4/18/2022,0.2
70,W/T,Rashod Bateman,BAL,7,27,25.3,1.7,4/18/2022,0.2
70,W/T,George Pickens,,8,30,30.6,-0.6,4/18/2022,0.2
70,W/T,Christian Watson,,9,35,35.7,-0.7,4/18/2022,0.2
70,W/T,Nico Collins,HOU,10,38,36.5,1.5,4/18/2022,0.2
70,QB,Matt Corral,,11,43,46,-3,4/18/2022,0.2
70,QB,Sam Howell,,12,46,46,0,4/18/2022,0.2
71,RB,Najee Harris,PIT,1,4,2.8,1.2,4/18/2022,16.5
71,W/T,Jaylen Waddle,MIA,2,5,5.9,-0.9,4/18/2022,16.5
71,QB,Trevor Lawrence,JAX,3,12,6.3,5.7,4/18/2022,16.5
71,QB,Zach Wilson,NYJ,4,13,10.7,2.3,4/18/2022,16.5
71,W/T,Kadarius Toney,NYG,5,20,20,0,4/18/2022,16.5
71,W/T,Treylon Burks,,6,21,23,-2,4/18/2022,16.5
71,W/T,Rashod Bateman,BAL,7,28,25.3,2.7,4/18/2022,16.5
71,W/T,Chris Olave,,8,29,26.1,2.9,4/18/2022,16.5
71,RB,Isaiah Spiller,,9,36,34,2,4/18/2022,16.5
71,W/T,Christian Watson,,10,37,35.7,1.3,4/18/2022,16.5
71,RB,Brian Robinson Jr.,,11,44,42.2,1.8,4/18/2022,16.5
71,W/T,Terrace Marshall,CAR,12,45,45.5,-0.5,4/18/2022,16.5
72,RB,Javonte Williams,DEN,1,2,2.5,-0.5,4/18/2022,6.2
72,QB,Trey Lance,SF,2,7,4.7,2.3,4/18/2022,6.2
72,QB,Trevor Lawrence,JAX,3,10,6.3,3.7,4/18/2022,6.2
72,RB,Elijah Mitchell,SF,4,15,16.2,-1.2,4/18/2022,6.2
72,W/T,Drake London,,5,18,19.4,-1.4,4/18/2022,6.2
72,W/T,Kadarius Toney,NYG,6,23,20,3,4/18/2022,6.2
72,W/T,Rashod Bateman,BAL,7,26,25.3,0.7,4/18/2022,6.2
72,W/T,Jahan Dotson,,8,31,34,-3,4/18/2022,6.2
72,W/T,Christian Watson,,9,34,35.7,-1.7,4/18/2022,6.2
72,W/T,Nico Collins,HOU,10,39,36.5,2.5,4/18/2022,6.2
72,W/T,Joshua Palmer,LAC,11,42,39.6,2.4,4/18/2022,6.2
72,W/T,Dyami Brown,WAS,12,47,47.6,-0.6,4/18/2022,6.2
73,W/T,Jamar Chase,CIN,1,1,1.1,-0.1,4/18/2022,18.9
73,QB,Trey Lance,SF,2,8,4.7,3.3,4/18/2022,18.9
73,QB,Trevor Lawrence,JAX,3,9,6.3,2.7,4/18/2022,18.9
73,RB,Elijah Mitchell,SF,4,16,16.2,-0.2,4/18/2022,18.9
73,W/T,Devonta Smith,PHI,5,17,14.2,2.8,4/18/2022,18.9
73,W/T,Drake London,,6,24,19.4,4.6,4/18/2022,18.9
73,W/T,Rondale Moore,AZ,7,25,24.5,0.5,4/18/2022,18.9
73,W/T,George Pickens,,8,32,30.6,1.4,4/18/2022,18.9
73,W/T,Skyy Moore,,9,33,30.6,2.4,4/18/2022,18.9
73,RB,Zamir White,,10,40,40.2,-0.2,4/18/2022,18.9
73,RB,Brian Robinson Jr.,,11,41,41.2,-0.2,4/18/2022,18.9
73,RB,James Cook,,12,48,46.1,1.9,4/18/2022,18.9
74,QB,Trey Lance,SF,1,4,4.7,-0.7,4/18/2022,5.4
74,W/T,Jaylen Waddle,MIA,2,5,5.9,-0.9,4/18/2022,5.4
74,W/T,Elijah Moore,NYJ,3,12,12.1,-0.1,4/18/2022,5.4
74,W/T,Amon-Ra St. Brown,DET,4,13,12,1,4/18/2022,5.4
74,W/T,Drake London,,5,20,19.4,0.6,4/18/2022,5.4
74,RB,Kenneth Walker,,6,21,21,0,4/18/2022,5.4
74,W/T,Rondale Moore,AZ,7,28,24.5,3.5,4/18/2022,5.4
74,W/T,Rashod Bateman,BAL,8,29,25.3,3.7,4/18/2022,5.4
74,RB,Isaiah Spiller,,9,36,34,2,4/18/2022,5.4
74,QB,Kenny Pickett,,10,37,39,-2,4/18/2022,5.4
74,RB,Trey Sermon,SF,11,44,45.5,-1.5,4/18/2022,5.4
74,RB,Zamir White,,12,45,45.2,-0.2,4/18/2022,5.4
75,RB,Javonte Williams,DEN,1,2,2.5,-0.5,4/19/2022,5.5
75,QB,Trey Lance,SF,2,7,4.7,2.3,4/19/2022,5.5
75,QB,Mac Jones,NE,3,10,13.2,-3.2,4/19/2022,5.5
75,W/T,Devonta Smith,PHI,4,15,14,1,4/19/2022,5.5
75,W/T,Drake London,,5,18,19.3,-1.3,4/19/2022,5.5
75,W/T,Garrett Wilson,,6,23,17.5,5.5,4/19/2022,5.5
75,W/T,Chris Olave,,7,26,25.8,0.2,4/19/2022,5.5
75,W/T,George Pickens,,8,31,29.9,1.1,4/19/2022,5.5
75,W/T,Jahan Dotson,,9,34,33.3,0.7,4/19/2022,5.5
75,W/T,Joshua Palmer,LAC,10,39,39.3,-0.3,4/19/2022,5.5
75,RB,Kenneth Gainwell,PHI,11,42,42,0,4/19/2022,5.5
75,RB,Trey Sermon,SF,12,47,47,0,4/19/2022,5.5
76,RB,Javonte Williams,DEN,1,2,2.5,-0.5,4/19/2022,4.1
76,W/T,Jaylen Waddle,MIA,2,7,5.7,1.3,4/19/2022,4.1
76,QB,Mac Jones,NE,3,10,13.2,-3.2,4/19/2022,4.1
76,RB,Travis Etienne,JAX,4,15,12.9,2.1,4/19/2022,4.1
76,W/T,Garrett Wilson,,5,18,17.5,0.5,4/19/2022,4.1
76,W/T,Treylon Burks,,6,23,23.1,-0.1,4/19/2022,4.1
76,W/T,Rondale Moore,AZ,7,26,24.8,1.2,4/19/2022,4.1
76,W/T,George Pickens,,8,31,29.9,1.1,4/19/2022,4.1
76,W/T,Pat Freiermuth,PIT,9,34,31.7,2.3,4/19/2022,4.1
76,QB,Kenny Pickett,,10,39,39,0,4/19/2022,4.1
76,W/T,Anthony Schwartz,CLE,11,42,42.6,-0.6,4/19/2022,4.1
76,W/T,Khalil Shakir,,12,47,47,0,4/19/2022,4.1
77,RB,Najee Harris,PIT,1,2,2.8,-0.8,4/19/2022,13.7
77,QB,Trevor Lawrence,JAX,2,7,6.6,0.4,4/19/2022,13.7
77,W/T,Amon-Ra St. Brown,DET,3,10,11.7,-1.7,4/19/2022,13.7
77,W/T,Devonta Smith,PHI,4,15,14,1,4/19/2022,13.7
77,W/T,Drake London,,5,18,19.3,-1.3,4/19/2022,13.7
77,W/T,Kadarius Toney,NYG,6,23,20.1,2.9,4/19/2022,13.7
77,W/T,Jameson Williams,,7,26,27,-1,4/19/2022,13.7
77,W/T,George Pickens,,8,31,29.9,1.1,4/19/2022,13.7
77,W/T,Jahan Dotson,,9,34,33.3,0.7,4/19/2022,13.7
77,RB,Isaiah Spiller,,10,39,34.8,4.2,4/19/2022,13.7
77,QB,Kenny Pickett,,11,42,39,3,4/19/2022,13.7
77,RB,Rachaad White,,12,47,41.8,5.2,4/19/2022,13.7
78,RB,Najee Harris,PIT,1,3,2.8,0.2,4/19/2022,0.7
78,QB,Trevor Lawrence,JAX,2,6,6.6,-0.6,4/19/2022,0.7
78,W/T,Amon-Ra St. Brown,DET,3,11,11.7,-0.7,4/19/2022,0.7
78,RB,Travis Etienne,JAX,4,14,12.9,1.1,4/19/2022,0.7
78,W/T,Treylon Burks,,5,19,23.1,-4.1,4/19/2022,0.7
78,W/T,Rashod Bateman,BAL,6,22,25.6,-3.6,4/19/2022,0.7
78,W/T,Jameson Williams,,7,27,27,0,4/19/2022,0.7
78,W/T,George Pickens,,8,30,29.9,0.1,4/19/2022,0.7
78,QB,Malik Willis,,9,35,29.4,5.6,4/19/2022,0.7
78,QB,Kenny Pickett,,10,38,39,-1,4/19/2022,0.7
78,W/T,Joshua Palmer,LAC,11,43,39.3,3.7,4/19/2022,0.7
78,W/T,Amari Rodgers,GB,12,46,46,0,4/19/2022,0.7
79,RB,Javonte Williams,DEN,1,2,2.5,-0.5,4/19/2022,1
79,RB,Breece Hall,,2,7,8.3,-1.3,4/19/2022,1
79,QB,Justin Fields,CHI,3,10,9,1,4/19/2022,1
79,W/T,Garrett Wilson,,4,15,17.5,-2.5,4/19/2022,1
79,W/T,Drake London,,5,18,19.3,-1.3,4/19/2022,1
79,W/T,Treylon Burks,,6,23,23.1,-0.1,4/19/2022,1
79,W/T,Rondale Moore,AZ,7,26,24.8,1.2,4/19/2022,1
79,W/T,Jahan Dotson,,8,31,33.3,-2.3,4/19/2022,1
79,QB,Malik Willis,,9,34,29.4,4.6,4/19/2022,1
79,W/T,Joshua Palmer,LAC,10,39,39.3,-0.3,4/19/2022,1
79,QB,Kenny Pickett,,11,42,39,3,4/19/2022,1
79,W/T,Dyami Brown,WAS,12,47,47.5,-0.5,4/19/2022,1
80,RB,Najee Harris,PIT,1,4,2.8,1.2,4/19/2022,0.9
80,W/T,Jaylen Waddle,MIA,2,5,5.7,-0.7,4/19/2022,0.9
80,W/T,Amon-Ra St. Brown,DET,3,12,11.7,0.3,4/19/2022,0.9
80,W/T,Devonta Smith,PHI,4,13,14,-1,4/19/2022,0.9
80,QB,Davis Mills,HOU,5,20,21.5,-1.5,4/19/2022,0.9
80,RB,Michael Carter,NYJ,6,21,18.6,2.4,4/19/2022,0.9
80,QB,Malik Willis,,7,28,29.4,-1.4,4/19/2022,0.9
80,W/T,George Pickens,,8,29,29.9,-0.9,4/19/2022,0.9
80,W/T,Nico Collins,HOU,9,36,36.3,-0.3,4/19/2022,0.9
80,RB,Kenneth Gainwell,PHI,10,37,34.8,2.2,4/19/2022,0.9
80,QB,Desmond Ridder,,11,44,43.4,0.6,4/19/2022,0.9
80,W/T,Khalil Shakir,,12,45,45,0,4/19/2022,0.9
81,RB,Javonte Williams,DEN,1,2,2.5,-0.5,4/19/2022,24.8
81,QB,Trevor Lawrence,JAX,2,7,6.6,0.4,4/19/2022,24.8
81,W/T,Amon-Ra St. Brown,DET,3,10,11.7,-1.7,4/19/2022,24.8
81,W/T,Devonta Smith,PHI,4,15,14,1,4/19/2022,24.8
81,QB,Zach Wilson,NYJ,5,18,11.3,6.7,4/19/2022,24.8
81,W/T,Treylon Burks,,6,23,23.1,-0.1,4/19/2022,24.8
81,RB,Kenneth Walker,,7,26,21.6,4.4,4/19/2022,24.8
81,W/T,Jameson Williams,,8,31,27,4,4/19/2022,24.8
81,W/T,Skyy Moore,,9,34,30.7,3.3,4/19/2022,24.8
81,W/T,Pat Freiermuth,PIT,10,39,31.7,7.3,4/19/2022,24.8
81,RB,Trey Sermon,SF,11,42,42,0,4/19/2022,24.8
81,W/T,Wandale Robinson,,12,47,47,0,4/19/2022,24.8
82,RB,Javonte Williams,DEN,1,2,2.5,-0.5,4/19/2022,3
82,RB,Breece Hall,,2,7,8.3,-1.3,4/19/2022,3
82,W/T,Amon-Ra St. Brown,DET,3,10,11.7,-1.7,4/19/2022,3
82,QB,Justin Fields,CHI,4,15,9,6,4/19/2022,3
82,W/T,Drake London,,5,18,19.3,-1.3,4/19/2022,3
82,W/T,Rashod Bateman,BAL,6,23,25.6,-2.6,4/19/2022,3
82,W/T,Jameson Williams,,7,26,27,-1,4/19/2022,3
82,W/T,Jahan Dotson,,8,31,33.3,-2.3,4/19/2022,3
82,QB,Malik Willis,,9,34,29.4,4.6,4/19/2022,3
82,W/T,Joshua Palmer,LAC,10,39,39.3,-0.3,4/19/2022,3
82,QB,Desmond Ridder,,11,42,42.4,-0.4,4/19/2022,3
82,W/T,David Bell,,12,47,43.2,3.8,4/19/2022,3
83,RB,Najee Harris,PIT,1,4,2.8,1.2,4/19/2022,14
83,W/T,Jaylen Waddle,MIA,2,5,5.7,-0.7,4/19/2022,14
83,W/T,Elijah Moore,NYJ,3,12,11.3,0.7,4/19/2022,14
83,W/T,Amon-Ra St. Brown,DET,4,13,11.7,1.3,4/19/2022,14
83,RB,Michael Carter,NYJ,5,20,18.6,1.4,4/19/2022,14
83,W/T,Garrett Wilson,,6,21,17.5,3.5,4/19/2022,14
83,W/T,Jameson Williams,,7,28,27,1,4/19/2022,14
83,QB,Malik Willis,,8,29,29.4,-0.4,4/19/2022,14
83,W/T,Christian Watson,,9,36,35.7,0.3,4/19/2022,14
83,QB,Kenny Pickett,,10,37,39,-2,4/19/2022,14
83,W/T,Nico Collins,HOU,11,44,36.3,7.7,4/19/2022,14
83,QB,Sam Howell,,12,45,45,0,4/19/2022,14
84,RB,Javonte Williams,DEN,1,3,2.5,0.5,4/19/2022,11.6
84,RB,Najee Harris,PIT,2,6,2.8,3.2,4/19/2022,11.6
84,QB,Zach Wilson,NYJ,3,11,11.3,-0.3,4/19/2022,11.6
84,W/T,Amon-Ra St. Brown,DET,4,14,11.7,2.3,4/19/2022,11.6
84,W/T,Drake London,,5,19,19.3,-0.3,4/19/2022,11.6
84,W/T,Garrett Wilson,,6,22,17.5,4.5,4/19/2022,11.6
84,W/T,Treylon Burks,,7,27,23.1,3.9,4/19/2022,11.6
84,W/T,George Pickens,,8,30,29.9,0.1,4/19/2022,11.6
84,W/T,Nico Collins,HOU,9,35,36.3,-1.3,4/19/2022,11.6
84,QB,Matt Corral,,10,38,42.7,-4.7,4/19/2022,11.6
84,W/T,Joshua Palmer,LAC,11,43,39.3,3.7,4/19/2022,11.6
84,QB,Sam Howell,,12,46,46,0,4/19/2022,11.6
85,RB,Javonte Williams,DEN,1,2,2.5,-0.5,4/19/2022,-0.7
85,QB,Trevor Lawrence,JAX,2,7,6.6,0.4,4/19/2022,-0.7
85,W/T,Elijah Moore,NYJ,3,10,11.3,-1.3,4/19/2022,-0.7
85,RB,Elijah Mitchell,SF,4,15,15.9,-0.9,4/19/2022,-0.7
85,W/T,Drake London,,5,18,19.3,-1.3,4/19/2022,-0.7
85,W/T,Rashod Bateman,BAL,6,23,25.6,-2.6,4/19/2022,-0.7
85,W/T,Jameson Williams,,7,26,27,-1,4/19/2022,-0.7
85,QB,Davis Mills,HOU,8,31,21.5,9.5,4/19/2022,-0.7
85,W/T,Nico Collins,HOU,9,34,36.3,-2.3,4/19/2022,-0.7
85,W/T,Joshua Palmer,LAC,10,39,39.3,-0.3,4/19/2022,-0.7
85,RB,Brian Robinson Jr.,,11,42,43.1,-1.1,4/19/2022,-0.7
85,W/T,Jalen Tolbert,,12,47,46.3,0.7,4/19/2022,-0.7
86,RB,Javonte Williams,DEN,1,2,2.5,-0.5,4/19/2022,13.2
86,RB,Breece Hall,,2,7,8.3,-1.3,4/19/2022,13.2
86,W/T,Kyle Pitts,ATL,3,10,9.3,0.7,4/19/2022,13.2
86,W/T,Devonta Smith,PHI,4,15,14,1,4/19/2022,13.2
86,W/T,Drake London,,5,18,19.3,-1.3,4/19/2022,13.2
86,W/T,Treylon Burks,,6,23,23.1,-0.1,4/19/2022,13.2
86,QB,Davis Mills,HOU,7,26,21.5,4.5,4/19/2022,13.2
86,W/T,Skyy Moore,,8,31,30.7,0.3,4/19/2022,13.2
86,QB,Malik Willis,,9,34,29.4,4.6,4/19/2022,13.2
86,W/T,Nico Collins,HOU,10,39,36.3,2.7,4/19/2022,13.2
86,QB,Kenny Pickett,,11,42,39,3,4/19/2022,13.2
86,W/T,Terrace Marshall,CAR,12,47,47.4,-0.4,4/19/2022,13.2
87,RB,Najee Harris,PIT,1,4,2.8,1.2,4/19/2022,5.2
87,QB,Trey Lance,SF,2,5,4.7,0.3,4/19/2022,5.2
87,W/T,Amon-Ra St. Brown,DET,3,12,11.7,0.3,4/19/2022,5.2
87,W/T,Devonta Smith,PHI,4,13,14,-1,4/19/2022,5.2
87,W/T,Kadarius Toney,NYG,5,20,20.1,-0.1,4/19/2022,5.2
87,W/T,Garrett Wilson,,6,21,17.5,3.5,4/19/2022,5.2
87,W/T,Rondale Moore,AZ,7,28,24.8,3.2,4/19/2022,5.2
87,QB,Malik Willis,,8,29,29.4,-0.4,4/19/2022,5.2
87,W/T,Christian Watson,,9,36,35.7,0.3,4/19/2022,5.2
87,QB,Kenny Pickett,,10,37,39,-2,4/19/2022,5.2
87,RB,Trey Sermon,SF,11,44,46,-2,4/19/2022,5.2
87,RB,Brian Robinson Jr.,,12,45,43.1,1.9,4/19/2022,5.2
