Team,POS,Name,TEAM,Round,Pick,ADP,Value,Draft Start,Cumulative Val,Strategy,Elite Onesie,Capital
1,WR,Jamar Chase,CIN,1,7,5.4,1.6,5/2/2022,7.7,Modified Superhero RB,Elite QB/TE,25
1,TE,Mark Andrews,BAL,2,18,20,-2,5/2/2022,7.7,Modified Superhero RB,Elite QB/TE,25
1,RB,Aaron Jones,GB,3,31,33,-2,5/2/2022,7.7,Modified Superhero RB,Elite QB/TE,25
1,QB,Lamar Jackson,BAL,4,42,41.8,0.2,5/2/2022,7.7,Modified Superhero RB,Elite QB/TE,25
1,RB,James Conner,AZ,5,55,51.6,3.4,5/2/2022,7.7,Modified Superhero RB,Elite QB/TE,25
1,WR,Courtland Sutton,DEN,6,66,74,-8,5/2/2022,7.7,Modified Superhero RB,Elite QB/TE,25
1,WR,Treylon Burks,TEN,7,79,83,-4,5/2/2022,7.7,Modified Superhero RB,Elite QB/TE,25
1,RB,Miles Sanders,PHI,8,90,99,-9,5/2/2022,7.7,Modified Superhero RB,Elite QB/TE,25
1,WR,Christian Kirk,JAX,9,103,104,-1,5/2/2022,7.7,Modified Superhero RB,Elite QB/TE,25
1,RB,Tony Pollard,DAL,10,114,100.5,13.5,5/2/2022,7.7,Modified Superhero RB,Elite QB/TE,25
1,WR,Will Fuller,,11,127,140,-13,5/2/2022,7.7,Modified Superhero RB,Elite QB/TE,25
1,QB,Trevor Lawrence,JAX,12,138,126,12,5/2/2022,7.7,Modified Superhero RB,Elite QB/TE,25
1,WR,DJ Chark,DET,13,151,151,0,5/2/2022,7.7,Modified Superhero RB,Elite QB/TE,25
1,WR,Jamison Crowder,BUF,14,162,162,0,5/2/2022,7.7,Modified Superhero RB,Elite QB/TE,25
1,RB,Raheem Mostert,MIA,15,175,160,15,5/2/2022,7.7,Modified Superhero RB,Elite QB/TE,25
1,WR,James Washington,DAL,16,186,186,0,5/2/2022,7.7,Modified Superhero RB,Elite QB/TE,25
1,WR,Alec Pierce,IND,17,199,198,1,5/2/2022,7.7,Modified Superhero RB,Elite QB/TE,25
1,TE,Mo Alie Cox,IND,18,210,210,0,5/2/2022,7.7,Modified Superhero RB,Elite QB/TE,25
2,RB,Jonathan Taylor,IND,1,1,1,0,5/2/2022,61.8,Modified Superhero RB,Elite QB,25
2,WR,Tyreek Hill,MIA,2,24,15,9,5/2/2022,61.8,Modified Superhero RB,Elite QB,25
2,WR,AJ Brown,PHI,3,25,21.5,3.5,5/2/2022,61.8,Modified Superhero RB,Elite QB,25
2,RB,James Conner,AZ,4,48,46.5,1.5,5/2/2022,61.8,Modified Superhero RB,Elite QB,25
2,QB,Kyler Murray,AZ,5,49,52.3,-3.3,5/2/2022,61.8,Modified Superhero RB,Elite QB,25
2,WR,JuJu Smith-Schuster,KC,6,72,77.5,-5.5,5/2/2022,61.8,Modified Superhero RB,Elite QB,25
2,WR,Courtland Sutton,DEN,7,73,68,5,5/2/2022,61.8,Modified Superhero RB,Elite QB,25
2,WR,Kadarius Toney,NYG,8,96,101.4,-5.4,5/2/2022,61.8,Modified Superhero RB,Elite QB,25
2,RB,Miles Sanders,PHI,9,97,97,0,5/2/2022,61.8,Modified Superhero RB,Elite QB,25
2,RB,Chase Edmonds,MIA,10,120,113.9,6.1,5/2/2022,61.8,Modified Superhero RB,Elite QB,25
2,WR,Rondale Moore,AZ,11,121,115.6,5.4,5/2/2022,61.8,Modified Superhero RB,Elite QB,25
2,WR,Marquez Valdes-Scantling,KC,12,144,134,10,5/2/2022,61.8,Modified Superhero RB,Elite QB,25
2,RB,Rachaad White,TB,13,145,145,0,5/2/2022,61.8,Modified Superhero RB,Elite QB,25
2,TE,Rob Gronkowski,TB,14,168,143.5,24.5,5/2/2022,61.8,Modified Superhero RB,Elite QB,25
2,TE,Logan Thomas,WAS,15,169,163,6,5/2/2022,61.8,Modified Superhero RB,Elite QB,25
2,QB,Carson Wentz,WAS,16,192,187,5,5/2/2022,61.8,Modified Superhero RB,Elite QB,25
2,QB,Mitch Trubisky,PIT,17,193,193,0,5/2/2022,61.8,Modified Superhero RB,Elite QB,25
2,TE,Brevin Jordan,HOU,18,216,216,0,5/2/2022,61.8,Modified Superhero RB,Elite QB,25
3,RB,Joe Mixon,CIN,1,12,12,0,5/2/2022,-20.8,Anchor RB,Elite QB,25
3,WR,Stefon Diggs,BUF,2,13,12.6,0.4,5/2/2022,-20.8,Anchor RB,Elite QB,25
3,WR,Jaylen Waddle,MIA,3,36,30.1,5.9,5/2/2022,-20.8,Anchor RB,Elite QB,25
3,QB,Lamar Jackson,BAL,4,37,41.9,-4.9,5/2/2022,-20.8,Anchor RB,Elite QB,25
3,WR,Rashod Bateman,BAL,5,60,75.9,-15.9,5/2/2022,-20.8,Anchor RB,Elite QB,25
3,WR,Gabriel Davis,BUF,6,61,65.4,-4.4,5/2/2022,-20.8,Anchor RB,Elite QB,25
3,WR,Drake London,ATL,7,84,80.9,3.1,5/2/2022,-20.8,Anchor RB,Elite QB,25
3,TE,TJ Hockenson,DET,8,85,73.5,11.5,5/2/2022,-20.8,Anchor RB,Elite QB,25
3,WR,Tyler Boyd,CIN,9,108,111.8,-3.8,5/2/2022,-20.8,Anchor RB,Elite QB,25
3,TE,Mike Gesicki,MIA,10,109,118.3,-9.3,5/2/2022,-20.8,Anchor RB,Elite QB,25
3,WR,Will Fuller,,11,132,140.4,-8.4,5/2/2022,-20.8,Anchor RB,Elite QB,25
3,RB,Rachaad White,TB,12,133,133,0,5/2/2022,-20.8,Anchor RB,Elite QB,25
3,TE,Rob Gronkowski,TB,13,156,148,8,5/2/2022,-20.8,Anchor RB,Elite QB,25
3,RB,Raheem Mostert,MIA,14,157,160,-3,5/2/2022,-20.8,Anchor RB,Elite QB,25
3,QB,Marcus Mariota,ATL,15,180,180,0,5/2/2022,-20.8,Anchor RB,Elite QB,25
3,RB,Tyler Allgeier,ATL,16,181,181,0,5/2/2022,-20.8,Anchor RB,Elite QB,25
3,RB,Sony Michel,LAR,17,204,204,0,5/2/2022,-20.8,Anchor RB,Elite QB,25
3,WR,KJ Hamler,DEN,18,205,205,0,5/2/2022,-20.8,Anchor RB,Elite QB,25
4,RB,Najee Harris,PIT,1,12,8,4,5/2/2022,113.6,Modified Hyperfragile,Elite TE,25
4,TE,Travis Kelce,KC,2,13,13.4,-0.4,5/2/2022,113.6,Modified Hyperfragile,Elite TE,25
4,RB,Aaron Jones,GB,3,36,31.2,4.8,5/2/2022,113.6,Modified Hyperfragile,Elite TE,25
4,RB,James Conner,AZ,4,37,43,-6,5/2/2022,113.6,Modified Hyperfragile,Elite TE,25
4,WR,Jerry Jeudy,DEN,5,60,70.3,-10.3,5/2/2022,113.6,Modified Hyperfragile,Elite TE,25
4,QB,Jalen Hurts,PHI,6,61,61,0,5/2/2022,113.6,Modified Hyperfragile,Elite TE,25
4,WR,Amon-Ra St. Brown,DET,7,84,62.5,21.5,5/2/2022,113.6,Modified Hyperfragile,Elite TE,25
4,WR,Allen Robinson,LAR,8,85,75.4,9.6,5/2/2022,113.6,Modified Hyperfragile,Elite TE,25
4,QB,Deshaun Watson,CLE,9,108,94.8,13.2,5/2/2022,113.6,Modified Hyperfragile,Elite TE,25
4,WR,Skyy Moore,KC,10,109,114,-5,5/2/2022,113.6,Modified Hyperfragile,Elite TE,25
4,WR,Quez Watkins,PHI,11,132,132,0,5/2/2022,113.6,Modified Hyperfragile,Elite TE,25
4,WR,Russell Gage,TB,12,133,122.4,10.6,5/2/2022,113.6,Modified Hyperfragile,Elite TE,25
4,WR,David Bell,CLE,13,156,148.6,7.4,5/2/2022,113.6,Modified Hyperfragile,Elite TE,25
4,WR,Donovan Peoples-Jones,CLE,14,157,157,0,5/2/2022,113.6,Modified Hyperfragile,Elite TE,25
4,RB,Dameon Pierce,HOU,15,180,160.5,19.5,5/2/2022,113.6,Modified Hyperfragile,Elite TE,25
4,WR,Alec Pierce,IND,16,181,181,0,5/2/2022,113.6,Modified Hyperfragile,Elite TE,25
4,TE,Cameron Brate,TB,17,204,204,0,5/2/2022,113.6,Modified Hyperfragile,Elite TE,25
4,RB,Raheem Mostert,MIA,18,205,160.3,44.7,5/2/2022,113.6,Modified Hyperfragile,Elite TE,25
5,WR,Cooper Kupp,LAR,1,3,3,0,5/2/2022,44.9,Modified Anchor RB,Elite TE,25
5,WR,Ceedee Lamb,DAL,2,22,17.4,4.6,5/2/2022,44.9,Modified Anchor RB,Elite TE,25
5,TE,Kyle Pitts,ATL,3,27,30,-3,5/2/2022,44.9,Modified Anchor RB,Elite TE,25
5,RB,James Conner,AZ,4,46,43,3,5/2/2022,44.9,Modified Anchor RB,Elite TE,25
5,WR,Chris Godwin,TB,5,51,49,2,5/2/2022,44.9,Modified Anchor RB,Elite TE,25
5,WR,Jerry Jeudy,DEN,6,70,60.1,9.9,5/2/2022,44.9,Modified Anchor RB,Elite TE,25
5,QB,Jalen Hurts,PHI,7,75,70.3,4.7,5/2/2022,44.9,Modified Anchor RB,Elite TE,25
5,WR,Treylon Burks,TEN,8,94,84.7,9.3,5/2/2022,44.9,Modified Anchor RB,Elite TE,25
5,QB,Matthew Stafford,LAR,9,99,87,12,5/2/2022,44.9,Modified Anchor RB,Elite TE,25
5,WR,Skyy Moore,KC,10,118,114,4,5/2/2022,44.9,Modified Anchor RB,Elite TE,25
5,RB,Chase Edmonds,MIA,11,123,113,10,5/2/2022,44.9,Modified Anchor RB,Elite TE,25
5,TE,Tyler Higbee,LAR,12,142,148,-6,5/2/2022,44.9,Modified Anchor RB,Elite TE,25
5,RB,James Cook,BUF,13,147,138,9,5/2/2022,44.9,Modified Anchor RB,Elite TE,25
5,RB,Khalil Herbert,CHI,14,166,170.6,-4.6,5/2/2022,44.9,Modified Anchor RB,Elite TE,25
5,WR,Jamison Crowder,BUF,15,171,181,-10,5/2/2022,44.9,Modified Anchor RB,Elite TE,25
5,RB,Justin Jackson,LAC,16,190,190,0,5/2/2022,44.9,Modified Anchor RB,Elite TE,25
5,RB,Tyrion Davis-Price,SF,17,195,195,0,5/2/2022,44.9,Modified Anchor RB,Elite TE,25
5,WR,Quez Watkins,PHI,18,214,214,0,5/2/2022,44.9,Modified Anchor RB,Elite TE,25
6,RB,Jonathan Taylor,IND,1,1,1,0,5/2/2022,40.9,Modified Hyperfragile,Neither,25
6,RB,Alvin Kamara,NO,2,24,18.3,5.7,5/2/2022,40.9,Modified Hyperfragile,Neither,25
6,WR,Tee Higgins,CIN,3,25,26.2,-1.2,5/2/2022,40.9,Modified Hyperfragile,Neither,25
6,RB,James Conner,AZ,4,48,43,5,5/2/2022,40.9,Modified Hyperfragile,Neither,25
6,WR,Marquise Brown,AZ,5,49,52.8,-3.8,5/2/2022,40.9,Modified Hyperfragile,Neither,25
6,QB,Jalen Hurts,PHI,6,72,70.3,1.7,5/2/2022,40.9,Modified Hyperfragile,Neither,25
6,TE,Dallas Goedert,PHI,7,73,81.4,-8.4,5/2/2022,40.9,Modified Hyperfragile,Neither,25
6,WR,JuJu Smith-Schuster,KC,8,96,77.5,18.5,5/2/2022,40.9,Modified Hyperfragile,Neither,25
6,WR,Courtland Sutton,DEN,9,97,74.8,22.2,5/2/2022,40.9,Modified Hyperfragile,Neither,25
6,WR,Skyy Moore,KC,10,120,114,6,5/2/2022,40.9,Modified Hyperfragile,Neither,25
6,WR,Russell Gage,TB,11,121,122,-1,5/2/2022,40.9,Modified Hyperfragile,Neither,25
6,TE,Logan Thomas,WAS,12,144,163,-19,5/2/2022,40.9,Modified Hyperfragile,Neither,25
6,WR,Jahan Dotson,WAS,13,145,155,-10,5/2/2022,40.9,Modified Hyperfragile,Neither,25
6,QB,Carson Wentz,WAS,14,168,187.2,-19.2,5/2/2022,40.9,Modified Hyperfragile,Neither,25
6,RB,Gus Edwards,BAL,15,169,157.9,11.1,5/2/2022,40.9,Modified Hyperfragile,Neither,25
6,TE,David Njoku,CLE,16,192,169.8,22.2,5/2/2022,40.9,Modified Hyperfragile,Neither,25
6,WR,Jamison Crowder,BUF,17,193,181.9,11.1,5/2/2022,40.9,Modified Hyperfragile,Neither,25
6,WR,Quez Watkins,PHI,18,216,216,0,5/2/2022,40.9,Modified Hyperfragile,Neither,25
7,RB,Jonathan Taylor,IND,1,1,1,0,5/2/2022,141.7,Hyperfragile RB,Neither,25
7,RB,Javonte Williams,DEN,2,24,21.7,2.3,5/2/2022,141.7,Hyperfragile RB,Neither,25
7,RB,Leonard Fournette,TB,3,25,26,-1,5/2/2022,141.7,Hyperfragile RB,Neither,25
7,WR,Amari Cooper,CLE,4,48,45.4,2.6,5/2/2022,141.7,Hyperfragile RB,Neither,25
7,WR,Jerry Jeudy,DEN,5,49,60.1,-11.1,5/2/2022,141.7,Hyperfragile RB,Neither,25
7,QB,Russell Wilson,DEN,6,72,66.5,5.5,5/2/2022,141.7,Hyperfragile RB,Neither,25
7,WR,Courtland Sutton,DEN,7,73,74.8,-1.8,5/2/2022,141.7,Hyperfragile RB,Neither,25
7,QB,Deshaun Watson,CLE,8,96,94.1,1.9,5/2/2022,141.7,Hyperfragile RB,Neither,25
7,WR,Hunter Renfrow,LV,9,97,76.2,20.8,5/2/2022,141.7,Hyperfragile RB,Neither,25
7,TE,Albert Okwuegbunam,DEN,10,120,128.8,-8.8,5/2/2022,141.7,Hyperfragile RB,Neither,25
7,TE,Zach Ertz,AZ,11,121,120.7,0.3,5/2/2022,141.7,Hyperfragile RB,Neither,25
7,WR,Marquez Valdes-Scantling,KC,12,144,134.2,9.8,5/2/2022,141.7,Hyperfragile RB,Neither,25
7,RB,James Cook,BUF,13,145,138,7,5/2/2022,141.7,Hyperfragile RB,Neither,25
7,TE,David Njoku,CLE,14,168,169.8,-1.8,5/2/2022,141.7,Hyperfragile RB,Neither,25
7,WR,David Bell,CLE,15,169,148.6,20.4,5/2/2022,141.7,Hyperfragile RB,Neither,25
7,WR,Allen Lazard,GB,16,192,136.1,55.9,5/2/2022,141.7,Hyperfragile RB,Neither,25
7,WR,George Pickens,PIT,17,193,153.3,39.7,5/2/2022,141.7,Hyperfragile RB,Neither,25
7,WR,Antoine Wesley,AZ,18,216,216,0,5/2/2022,141.7,Hyperfragile RB,Neither,25
8,RB,Dalvin Cook,MIN,1,7,10.9,-3.9,5/2/2022,-0.3,Modified Hyperfragile,Elite QB/TE,25
8,TE,Mark Andrews,BAL,2,18,19.3,-1.3,5/2/2022,-0.3,Modified Hyperfragile,Elite QB/TE,25
8,RB,Saquon Barkley,NYG,3,31,26.9,4.1,5/2/2022,-0.3,Modified Hyperfragile,Elite QB/TE,25
8,QB,Lamar Jackson,BAL,4,42,41.9,0.1,5/2/2022,-0.3,Modified Hyperfragile,Elite QB/TE,25
8,RB,Breece Hall,NYJ,5,55,52.5,2.5,5/2/2022,-0.3,Modified Hyperfragile,Elite QB/TE,25
8,WR,Michael Thomas,NO,6,66,58.7,7.3,5/2/2022,-0.3,Modified Hyperfragile,Elite QB/TE,25
8,WR,Adam Thielen,MIN,7,79,79.4,-0.4,5/2/2022,-0.3,Modified Hyperfragile,Elite QB/TE,25
8,WR,Chris Olave,NO,8,90,100.5,-10.5,5/2/2022,-0.3,Modified Hyperfragile,Elite QB/TE,25
8,RB,Tony Pollard,DAL,9,103,100.5,2.5,5/2/2022,-0.3,Modified Hyperfragile,Elite QB/TE,25
8,QB,Kirk Cousins,MIN,10,114,109.7,4.3,5/2/2022,-0.3,Modified Hyperfragile,Elite QB/TE,25
8,WR,Kenny Golladay,NYG,11,127,128.9,-1.9,5/2/2022,-0.3,Modified Hyperfragile,Elite QB/TE,25
8,WR,Will Fuller,,12,138,140.4,-2.4,5/2/2022,-0.3,Modified Hyperfragile,Elite QB/TE,25
8,WR,Jahan Dotson,WAS,13,151,155,-4,5/2/2022,-0.3,Modified Hyperfragile,Elite QB/TE,25
8,QB,Jameis Winston,NO,14,162,170,-8,5/2/2022,-0.3,Modified Hyperfragile,Elite QB/TE,25
8,TE,Logan Thomas,WAS,15,175,163.7,11.3,5/2/2022,-0.3,Modified Hyperfragile,Elite QB/TE,25
8,WR,James Washington,DAL,16,186,186,0,5/2/2022,-0.3,Modified Hyperfragile,Elite QB/TE,25
8,WR,Alec Pierce,IND,17,199,199,0,5/2/2022,-0.3,Modified Hyperfragile,Elite QB/TE,25
8,WR,Ihmir Smith-Marsette,MIN,18,210,210,0,5/2/2022,-0.3,Modified Hyperfragile,Elite QB/TE,25
9,RB,Christian Mccaffrey,CAR,1,2,2.9,-0.9,5/2/2022,30.6,Superhero RB,Neither,25
9,WR,Ceedee Lamb,DAL,2,23,17.4,5.6,5/2/2022,30.6,Superhero RB,Neither,25
9,RB,Javonte Williams,DEN,3,26,21.7,4.3,5/2/2022,30.6,Superhero RB,Neither,25
9,WR,Mike Williams,LAC,4,47,52.8,-5.8,5/2/2022,30.6,Superhero RB,Neither,25
9,WR,Terry Mclaurin,WAS,5,50,43.8,6.2,5/2/2022,30.6,Superhero RB,Neither,25
9,WR,Devonta Smith,PHI,6,71,64.7,6.3,5/2/2022,30.6,Superhero RB,Neither,25
9,QB,Jalen Hurts,PHI,7,74,70.3,3.7,5/2/2022,30.6,Superhero RB,Neither,25
9,WR,Courtland Sutton,DEN,8,95,74.8,20.2,5/2/2022,30.6,Superhero RB,Neither,25
9,RB,Miles Sanders,PHI,9,98,97,1,5/2/2022,30.6,Superhero RB,Neither,25
9,TE,Albert Okwuegbunam,DEN,10,119,128.8,-9.8,5/2/2022,30.6,Superhero RB,Neither,25
9,WR,Kenny Golladay,NYG,11,122,128.9,-6.9,5/2/2022,30.6,Superhero RB,Neither,25
9,QB,Daniel Jones,NYG,12,143,160.8,-17.8,5/2/2022,30.6,Superhero RB,Neither,25
9,RB,Rachaad White,TB,13,146,146,0,5/2/2022,30.6,Superhero RB,Neither,25
9,WR,James Washington,DAL,14,167,167,0,5/2/2022,30.6,Superhero RB,Neither,25
9,TE,Robert Tonyan,GB,15,170,169.5,0.5,5/2/2022,30.6,Superhero RB,Neither,25
9,WR,Sterling Shepard,NYG,16,191,191,0,5/2/2022,30.6,Superhero RB,Neither,25
9,WR,Jamison Crowder,BUF,17,194,181,13,5/2/2022,30.6,Superhero RB,Neither,25
9,RB,Kenyan Drake,LV,18,215,204,11,5/2/2022,30.6,Superhero RB,Neither,25
10,RB,Derrick Henry,TEN,1,7,4.9,2.1,5/3/2022,40.2,Modified Hyperfragile,Neither,25
10,WR,Tyreek Hill,MIA,2,18,15,3,5/3/2022,40.2,Modified Hyperfragile,Neither,25
10,RB,Saquon Barkley,NYG,3,31,26.9,4.1,5/3/2022,40.2,Modified Hyperfragile,Neither,25
10,WR,DJ Moore,CAR,4,42,41.3,0.7,5/3/2022,40.2,Modified Hyperfragile,Neither,25
10,RB,Travis Etienne,JAX,5,55,57.7,-2.7,5/3/2022,40.2,Modified Hyperfragile,Neither,25
10,WR,Gabriel Davis,BUF,6,66,65.4,0.6,5/3/2022,40.2,Modified Hyperfragile,Neither,25
10,WR,Treylon Burks,TEN,7,79,84.7,-5.7,5/3/2022,40.2,Modified Hyperfragile,Neither,25
10,TE,Dallas Goedert,PHI,8,90,81.4,8.6,5/3/2022,40.2,Modified Hyperfragile,Neither,25
10,RB,Miles Sanders,PHI,9,103,97,6,5/3/2022,40.2,Modified Hyperfragile,Neither,25
10,QB,Deshaun Watson,CLE,10,114,94.8,19.2,5/3/2022,40.2,Modified Hyperfragile,Neither,25
10,QB,Trevor Lawrence,JAX,11,127,126.5,0.5,5/3/2022,40.2,Modified Hyperfragile,Neither,25
10,QB,Ryan Tannehill,TEN,12,138,142.6,-4.6,5/3/2022,40.2,Modified Hyperfragile,Neither,25
10,WR,DJ Chark,DET,13,151,143.6,7.4,5/3/2022,40.2,Modified Hyperfragile,Neither,25
10,WR,Laviska Shenault,JAX,14,162,172,-10,5/3/2022,40.2,Modified Hyperfragile,Neither,25
10,TE,David Njoku,CLE,15,175,169,6,5/3/2022,40.2,Modified Hyperfragile,Neither,25
10,WR,Jamison Crowder,BUF,16,186,181,5,5/3/2022,40.2,Modified Hyperfragile,Neither,25
10,WR,Zay Jones,JAX,17,199,199,0,5/3/2022,40.2,Modified Hyperfragile,Neither,25
10,TE,Austin Hooper,TEN,18,210,210,0,5/3/2022,40.2,Modified Hyperfragile,Neither,25
11,RB,Austin Ekeler,LAC,1,8,7,1,5/3/2022,35,Anchor RB,Elite TE,25
11,WR,Tyreek Hill,MIA,2,17,15,2,5/3/2022,35,Anchor RB,Elite TE,25
11,WR,Jaylen Waddle,MIA,3,32,30.1,1.9,5/3/2022,35,Anchor RB,Elite TE,25
11,TE,Darren Waller,LV,4,41,38.7,2.3,5/3/2022,35,Anchor RB,Elite TE,25
11,WR,Jerry Jeudy,DEN,5,56,60.1,-4.1,5/3/2022,35,Anchor RB,Elite TE,25
11,QB,Russell Wilson,DEN,6,65,66.5,-1.5,5/3/2022,35,Anchor RB,Elite TE,25
11,WR,Drake London,ATL,7,80,80.9,-0.9,5/3/2022,35,Anchor RB,Elite TE,25
11,WR,Garrett Wilson,NYJ,8,89,91.3,-2.3,5/3/2022,35,Anchor RB,Elite TE,25
11,WR,Kadarius Toney,NYG,9,104,101.4,2.6,5/3/2022,35,Anchor RB,Elite TE,25
11,QB,Tua Tagovailoa,MIA,10,113,115.9,-2.9,5/3/2022,35,Anchor RB,Elite TE,25
11,WR,Rondale Moore,AZ,11,128,115.6,12.4,5/3/2022,35,Anchor RB,Elite TE,25
11,RB,Rachaad White,TB,12,137,137,0,5/3/2022,35,Anchor RB,Elite TE,25
11,RB,Gus Edwards,BAL,13,152,157.7,-5.7,5/3/2022,35,Anchor RB,Elite TE,25
11,RB,Kenneth Gainwell,PHI,14,161,160.4,0.6,5/3/2022,35,Anchor RB,Elite TE,25
11,RB,Khalil Herbert,CHI,15,176,170.6,5.4,5/3/2022,35,Anchor RB,Elite TE,25
11,QB,Daniel Jones,NYG,16,185,160.8,24.2,5/3/2022,35,Anchor RB,Elite TE,25
11,RB,Kenyan Drake,LV,17,200,200,0,5/3/2022,35,Anchor RB,Elite TE,25
11,TE,Greg Dulcich,DEN,18,209,209,0,5/3/2022,35,Anchor RB,Elite TE,25
12,WR,Cooper Kupp,LAR,1,3,3,0,5/3/2022,54.4,Anchor RB,Elite QB,25
12,RB,Dandre Swift,DET,2,22,19.2,2.8,5/3/2022,54.4,Anchor RB,Elite QB,25
12,WR,Tee Higgins,CIN,3,27,26.6,0.4,5/3/2022,54.4,Anchor RB,Elite QB,25
12,QB,Lamar Jackson,BAL,4,46,41.9,4.1,5/3/2022,54.4,Anchor RB,Elite QB,25
12,WR,Chris Godwin,TB,5,51,49,2,5/3/2022,54.4,Anchor RB,Elite QB,25
12,WR,Rashod Bateman,BAL,6,70,75.9,-5.9,5/3/2022,54.4,Anchor RB,Elite QB,25
12,WR,Allen Robinson,LAR,7,75,75.4,-0.4,5/3/2022,54.4,Anchor RB,Elite QB,25
12,QB,Matthew Stafford,LAR,8,94,87,7,5/3/2022,54.4,Anchor RB,Elite QB,25
12,TE,Dalton Schultz,DAL,9,99,90.8,8.2,5/3/2022,54.4,Anchor RB,Elite QB,25
12,WR,Jameson Williams,DET,10,118,94.4,23.6,5/3/2022,54.4,Anchor RB,Elite QB,25
12,WR,Christian Watson,GB,11,123,127.8,-4.8,5/3/2022,54.4,Anchor RB,Elite QB,25
12,TE,Tyler Higbee,LAR,12,142,148.5,-6.5,5/3/2022,54.4,Anchor RB,Elite QB,25
12,RB,Alexander Mattison,MIN,13,147,126.9,20.1,5/3/2022,54.4,Anchor RB,Elite QB,25
12,RB,Darrell Henderson,LAR,14,166,163.3,2.7,5/3/2022,54.4,Anchor RB,Elite QB,25
12,RB,Khalil Herbert,CHI,15,171,170.6,0.4,5/3/2022,54.4,Anchor RB,Elite QB,25
12,RB,JD Mckissic,WAS,16,190,190,0,5/3/2022,54.4,Anchor RB,Elite QB,25
12,WR,James Washington,DAL,17,195,195,0,5/3/2022,54.4,Anchor RB,Elite QB,25
12,TE,Cameron Brate,TB,18,214,213.3,0.7,5/3/2022,54.4,Anchor RB,Elite QB,25
13,WR,Stefon Diggs,BUF,1,11,12.6,-1.6,5/3/2022,-20.7,Modified Anchor RB,Elite TE,25
13,WR,Tyreek Hill,MIA,2,14,15,-1,5/3/2022,-20.7,Modified Anchor RB,Elite TE,25
13,TE,Darren Waller,LV,3,35,38.7,-3.7,5/3/2022,-20.7,Modified Anchor RB,Elite TE,25
13,RB,James Conner,AZ,4,38,46.5,-8.5,5/3/2022,-20.7,Modified Anchor RB,Elite TE,25
13,WR,Gabriel Davis,BUF,5,59,65.4,-6.4,5/3/2022,-20.7,Modified Anchor RB,Elite TE,25
13,WR,Courtland Sutton,DEN,6,62,74.8,-12.8,5/3/2022,-20.7,Modified Anchor RB,Elite TE,25
13,QB,Trey Lance,SF,7,83,83.3,-0.3,5/3/2022,-20.7,Modified Anchor RB,Elite TE,25
13,QB,Derek Carr,LV,8,86,97.7,-11.7,5/3/2022,-20.7,Modified Anchor RB,Elite TE,25
13,RB,Miles Sanders,PHI,9,107,97,10,5/3/2022,-20.7,Modified Anchor RB,Elite TE,25
13,RB,Devin Singletary,BUF,10,110,90.1,19.9,5/3/2022,-20.7,Modified Anchor RB,Elite TE,25
13,WR,Jakobi Meyers,NE,11,131,128,3,5/3/2022,-20.7,Modified Anchor RB,Elite TE,25
13,RB,Rachaad White,TB,12,134,146.1,-12.1,5/3/2022,-20.7,Modified Anchor RB,Elite TE,25
13,RB,Gus Edwards,BAL,13,155,157.9,-2.9,5/3/2022,-20.7,Modified Anchor RB,Elite TE,25
13,WR,Jarvis Landry,,14,158,154.9,3.1,5/3/2022,-20.7,Modified Anchor RB,Elite TE,25
13,TE,Robert Tonyan,GB,15,179,169.5,9.5,5/3/2022,-20.7,Modified Anchor RB,Elite TE,25
13,WR,Jalen Tolbert,DAL,16,182,194.8,-12.8,5/3/2022,-20.7,Modified Anchor RB,Elite TE,25
13,WR,Cedrick Wilson,MIA,17,203,195.4,7.6,5/3/2022,-20.7,Modified Anchor RB,Elite TE,25
13,RB,Trey Sermon,SF,18,206,206,0,5/3/2022,-20.7,Modified Anchor RB,Elite TE,25
14,RB,Najee Harris,PIT,1,8,8,0,5/3/2022,12.7,Superhero RB,Elite QB,25
14,WR,Tyreek Hill,MIA,2,17,15,2,5/3/2022,12.7,Superhero RB,Elite QB,25
14,WR,Jaylen Waddle,MIA,3,32,30.1,1.9,5/3/2022,12.7,Superhero RB,Elite QB,25
14,QB,Lamar Jackson,BAL,4,41,41.9,-0.9,5/3/2022,12.7,Superhero RB,Elite QB,25
14,RB,JK Dobbins,BAL,5,56,46.9,9.1,5/3/2022,12.7,Superhero RB,Elite QB,25
14,WR,Courtland Sutton,DEN,6,65,74.8,-9.8,5/3/2022,12.7,Superhero RB,Elite QB,25
14,WR,Allen Robinson,LAR,7,80,75.4,4.6,5/3/2022,12.7,Superhero RB,Elite QB,25
14,WR,Chase Claypool,PIT,8,89,100.1,-11.1,5/3/2022,12.7,Superhero RB,Elite QB,25
14,TE,Dalton Schultz,DAL,9,104,90.8,13.2,5/3/2022,12.7,Superhero RB,Elite QB,25
14,QB,Tua Tagovailoa,MIA,10,113,115.9,-2.9,5/3/2022,12.7,Superhero RB,Elite QB,25
14,WR,Allen Lazard,GB,11,128,136.1,-8.1,5/3/2022,12.7,Superhero RB,Elite QB,25
14,RB,Rachaad White,TB,12,137,146.1,-9.1,5/3/2022,12.7,Superhero RB,Elite QB,25
14,WR,Corey Davis,NYJ,13,152,138.2,13.8,5/3/2022,12.7,Superhero RB,Elite QB,25
14,RB,Darrell Henderson,LAR,14,161,163.3,-2.3,5/3/2022,12.7,Superhero RB,Elite QB,25
14,TE,Logan Thomas,WAS,15,176,163.7,12.3,5/3/2022,12.7,Superhero RB,Elite QB,25
14,RB,Justin Jackson,LAC,16,185,185,0,5/3/2022,12.7,Superhero RB,Elite QB,25
14,TE,Trey Mcbride,AZ,17,200,200,0,5/3/2022,12.7,Superhero RB,Elite QB,25
14,WR,Devin Duvernay,BAL,18,209,209,0,5/3/2022,12.7,Superhero RB,Elite QB,25
15,WR,Jamar Chase,CIN,1,6,5.4,0.6,5/3/2022,-49.4,Zero RB,Elite TE,25
15,WR,Deebo Samuel,SF,2,19,16.6,2.4,5/3/2022,-49.4,Zero RB,Elite TE,25
15,WR,Jaylen Waddle,MIA,3,30,30.1,-0.1,5/3/2022,-49.4,Zero RB,Elite TE,25
15,TE,George Kittle,SF,4,43,40.4,2.6,5/3/2022,-49.4,Zero RB,Elite TE,25
15,WR,Chris Godwin,TB,5,54,49,5,5/3/2022,-49.4,Zero RB,Elite TE,25
15,WR,Courtland Sutton,DEN,6,67,74.8,-7.8,5/3/2022,-49.4,Zero RB,Elite TE,25
15,QB,Trey Lance,SF,7,78,83.3,-5.3,5/3/2022,-49.4,Zero RB,Elite TE,25
15,WR,Brandon Aiyuk,SF,8,91,78.6,12.4,5/3/2022,-49.4,Zero RB,Elite TE,25
15,RB,Miles Sanders,PHI,9,102,97,5,5/3/2022,-49.4,Zero RB,Elite TE,25
15,QB,Tua Tagovailoa,MIA,10,115,115.9,-0.9,5/3/2022,-49.4,Zero RB,Elite TE,25
15,RB,James Cook,BUF,11,126,138.1,-12.1,5/3/2022,-49.4,Zero RB,Elite TE,25
15,RB,Gus Edwards,BAL,12,139,157.9,-18.9,5/3/2022,-49.4,Zero RB,Elite TE,25
15,WR,David Bell,CLE,13,150,148.6,1.4,5/3/2022,-49.4,Zero RB,Elite TE,25
15,RB,Nyheim Hines,IND,14,163,179.7,-16.7,5/3/2022,-49.4,Zero RB,Elite TE,25
15,TE,Logan Thomas,WAS,15,174,163.7,10.3,5/3/2022,-49.4,Zero RB,Elite TE,25
15,RB,JD Mckissic,WAS,16,187,200.8,-13.8,5/3/2022,-49.4,Zero RB,Elite TE,25
15,RB,Justin Jackson,LAC,17,198,211.5,-13.5,5/3/2022,-49.4,Zero RB,Elite TE,25
15,RB,Sony Michel,LAR,18,211,211,0,5/3/2022,-49.4,Zero RB,Elite TE,25
16,WR,Stefon Diggs,BUF,1,11,12.6,-1.6,5/3/2022,-96.4,Zero RB,Elite QB,25
16,WR,Tyreek Hill,MIA,2,14,15,-1,5/3/2022,-96.4,Zero RB,Elite QB,25
16,WR,DJ Moore,CAR,3,35,41.3,-6.3,5/3/2022,-96.4,Zero RB,Elite QB,25
16,QB,Lamar Jackson,BAL,4,38,41.9,-3.9,5/3/2022,-96.4,Zero RB,Elite QB,25
16,WR,Gabriel Davis,BUF,5,59,65.4,-6.4,5/3/2022,-96.4,Zero RB,Elite QB,25
16,WR,Courtland Sutton,DEN,6,62,75.4,-13.4,5/3/2022,-96.4,Zero RB,Elite QB,25
16,TE,Dallas Goedert,PHI,7,83,81.4,1.6,5/3/2022,-96.4,Zero RB,Elite QB,25
16,RB,Miles Sanders,PHI,8,86,97,-11,5/3/2022,-96.4,Zero RB,Elite QB,25
16,RB,Chase Edmonds,MIA,9,107,113.9,-6.9,5/3/2022,-96.4,Zero RB,Elite QB,25
16,RB,Melvin Gordon,DEN,10,110,117,-7,5/3/2022,-96.4,Zero RB,Elite QB,25
16,RB,Rachaad White,TB,11,131,146.1,-15.1,5/3/2022,-96.4,Zero RB,Elite QB,25
16,TE,Albert Okwuegbunam,DEN,12,134,128.8,5.2,5/3/2022,-96.4,Zero RB,Elite QB,25
16,WR,Will Fuller,,13,155,140.4,14.6,5/3/2022,-96.4,Zero RB,Elite QB,25
16,WR,Jamison Crowder,BUF,14,158,181,-23,5/3/2022,-96.4,Zero RB,Elite QB,25
16,QB,Marcus Mariota,ATL,15,179,201.2,-22.2,5/3/2022,-96.4,Zero RB,Elite QB,25
16,RB,Justin Jackson,,16,182,182,0,5/3/2022,-96.4,Zero RB,Elite QB,25
16,TE,Cameron Brate,TB,17,203,203,0,5/3/2022,-96.4,Zero RB,Elite QB,25
16,RB,Pierre Strong,NE,18,206,206,0,5/3/2022,-96.4,Zero RB,Elite QB,25
17,WR,Justin Jefferson,MIN,1,5,5.8,-0.8,5/3/2022,45.7,Modified Hyperfragile,Neither,25
17,RB,Dandre Swift,DET,2,20,19.2,0.8,5/3/2022,45.7,Modified Hyperfragile,Neither,25
17,RB,Aaron Jones,GB,3,29,31.2,-2.2,5/3/2022,45.7,Modified Hyperfragile,Neither,25
17,RB,James Conner,AZ,4,44,46.5,-2.5,5/3/2022,45.7,Modified Hyperfragile,Neither,25
17,WR,Diontae Johnson,PIT,5,53,38.2,14.8,5/3/2022,45.7,Modified Hyperfragile,Neither,25
17,WR,Amon-Ra St. Brown,DET,6,68,62.5,5.5,5/3/2022,45.7,Modified Hyperfragile,Neither,25
17,QB,Dak Prescott,DAL,7,77,71.6,5.4,5/3/2022,45.7,Modified Hyperfragile,Neither,25
17,WR,Hunter Renfrow,LV,8,92,76.2,15.8,5/3/2022,45.7,Modified Hyperfragile,Neither,25
17,WR,Kadarius Toney,NYG,9,101,101.4,-0.4,5/3/2022,45.7,Modified Hyperfragile,Neither,25
17,QB,Derek Carr,LV,10,116,97.7,18.3,5/3/2022,45.7,Modified Hyperfragile,Neither,25
17,WR,Marquez Valdes-Scantling,KC,11,125,134.2,-9.2,5/3/2022,45.7,Modified Hyperfragile,Neither,25
17,TE,Irv Smith,MIN,12,140,149.3,-9.3,5/3/2022,45.7,Modified Hyperfragile,Neither,25
17,QB,Daniel Jones,NYG,13,149,160.8,-11.8,5/3/2022,45.7,Modified Hyperfragile,Neither,25
17,RB,Gus Edwards,BAL,14,164,157.9,6.1,5/3/2022,45.7,Modified Hyperfragile,Neither,25
17,TE,Gerald Everett,LAC,15,173,187.8,-14.8,5/3/2022,45.7,Modified Hyperfragile,Neither,25
17,WR,Joshua Palmer,LAC,16,188,158,30,5/3/2022,45.7,Modified Hyperfragile,Neither,25
17,WR,James Washington,DAL,17,197,197,0,5/3/2022,45.7,Modified Hyperfragile,Neither,25
17,TE,Ricky Seals-Jones,NYG,18,212,212,0,5/3/2022,45.7,Modified Hyperfragile,Neither,25
18,RB,Dalvin Cook,MIN,1,11,10.9,0.1,5/3/2022,-30.3,Modified Superhero RB,Neither,25
18,WR,Tyreek Hill,MIA,2,14,15,-1,5/3/2022,-30.3,Modified Superhero RB,Neither,25
18,WR,DJ Moore,CAR,3,35,41.3,-6.3,5/3/2022,-30.3,Modified Superhero RB,Neither,25
18,RB,James Conner,AZ,4,38,46.5,-8.5,5/3/2022,-30.3,Modified Superhero RB,Neither,25
18,WR,Elijah Moore,NYJ,5,59,57.1,1.9,5/3/2022,-30.3,Modified Superhero RB,Neither,25
18,WR,Courtland Sutton,DEN,6,62,74.8,-12.8,5/3/2022,-30.3,Modified Superhero RB,Neither,25
18,WR,Devonta Smith,PHI,7,83,64.7,18.3,5/3/2022,-30.3,Modified Superhero RB,Neither,25
18,TE,TJ Hockenson,DET,8,86,73.5,12.5,5/3/2022,-30.3,Modified Superhero RB,Neither,25
18,QB,Justin Fields,CHI,9,107,113.7,-6.7,5/3/2022,-30.3,Modified Superhero RB,Neither,25
18,QB,Tua Tagovailoa,MIA,10,110,115.9,-5.9,5/3/2022,-30.3,Modified Superhero RB,Neither,25
18,WR,Corey Davis,NYJ,11,131,138.2,-7.2,5/3/2022,-30.3,Modified Superhero RB,Neither,25
18,WR,Marquez Valdes-Scantling,KC,12,134,134.2,-0.2,5/3/2022,-30.3,Modified Superhero RB,Neither,25
18,TE,Cole Kmet,CHI,13,155,143.3,11.7,5/3/2022,-30.3,Modified Superhero RB,Neither,25
18,RB,Kenneth Gainwell,PHI,14,158,160.4,-2.4,5/3/2022,-30.3,Modified Superhero RB,Neither,25
18,QB,Jared Goff,DET,15,179,190.1,-11.1,5/3/2022,-30.3,Modified Superhero RB,Neither,25
18,RB,Jamaal Williams,DET,16,182,195.7,-13.7,5/3/2022,-30.3,Modified Superhero RB,Neither,25
18,WR,Bryon Pringle,CHI,17,203,202,1,5/3/2022,-30.3,Modified Superhero RB,Neither,25
18,RB,Dernest Johnson,CLE,18,206,206,0,5/3/2022,-30.3,Modified Superhero RB,Neither,25
19,WR,Justin Jefferson,MIN,1,4,5.8,-1.8,5/3/2022,-19,Modified Hyperfragile,Elite QB,25
19,RB,Javonte Williams,DEN,2,21,21,0,5/3/2022,-19,Modified Hyperfragile,Elite QB,25
19,RB,Saquon Barkley,NYG,3,28,26.9,1.1,5/3/2022,-19,Modified Hyperfragile,Elite QB,25
19,QB,Lamar Jackson,BAL,4,45,41.9,3.1,5/3/2022,-19,Modified Hyperfragile,Elite QB,25
19,RB,Breece Hall,NYJ,5,52,52.5,-0.5,5/3/2022,-19,Modified Hyperfragile,Elite QB,25
19,WR,Rashod Bateman,BAL,6,69,75.9,-6.9,5/3/2022,-19,Modified Hyperfragile,Elite QB,25
19,WR,Drake London,ATL,7,76,80.9,-4.9,5/3/2022,-19,Modified Hyperfragile,Elite QB,25
19,WR,Kadarius Toney,NYG,8,93,101.4,-8.4,5/3/2022,-19,Modified Hyperfragile,Elite QB,25
19,TE,Dalton Schultz,DAL,9,100,90.8,9.2,5/3/2022,-19,Modified Hyperfragile,Elite QB,25
19,QB,Kirk Cousins,MIN,10,117,109.7,7.3,5/3/2022,-19,Modified Hyperfragile,Elite QB,25
19,WR,Christian Watson,GB,11,124,127.8,-3.8,5/3/2022,-19,Modified Hyperfragile,Elite QB,25
19,RB,Ronald Jones,KC,12,141,142.8,-1.8,5/3/2022,-19,Modified Hyperfragile,Elite QB,25
19,TE,Irv Smith,MIN,13,148,149.3,-1.3,5/3/2022,-19,Modified Hyperfragile,Elite QB,25
19,TE,Robert Tonyan,GB,14,165,169.5,-4.5,5/3/2022,-19,Modified Hyperfragile,Elite QB,25
19,WR,Robby Anderson,CAR,15,172,177.8,-5.8,5/3/2022,-19,Modified Hyperfragile,Elite QB,25
19,WR,Jalen Tolbert,DAL,16,189,189,0,5/3/2022,-19,Modified Hyperfragile,Elite QB,25
19,WR,Alec Pierce,IND,17,196,196,0,5/3/2022,-19,Modified Hyperfragile,Elite QB,25
19,WR,Devin Duvernay,BAL,18,213,213,0,5/3/2022,-19,Modified Hyperfragile,Elite QB,25
20,WR,Cooper Kupp,LAR,1,3,3,0,5/4/2022,11.3,Zero RB,Elite TE,25
20,WR,Deebo Samuel,SF,2,22,16.6,5.4,5/4/2022,11.3,Zero RB,Elite TE,25
20,WR,AJ Brown,PHI,3,27,21.5,5.5,5/4/2022,11.3,Zero RB,Elite TE,25
20,TE,Darren Waller,LV,4,46,38.7,7.3,5/4/2022,11.3,Zero RB,Elite TE,25
20,WR,Jerry Jeudy,DEN,5,51,60.1,-9.1,5/4/2022,11.3,Zero RB,Elite TE,25
20,WR,JuJu Smith-Schuster,KC,6,70,77.5,-7.5,5/4/2022,11.3,Zero RB,Elite TE,25
20,WR,Allen Robinson,LAR,7,75,75.4,-0.4,5/4/2022,11.3,Zero RB,Elite TE,25
20,QB,Matthew Stafford,LAR,8,94,87,7,5/4/2022,11.3,Zero RB,Elite TE,25
20,RB,Cylde Edwards-Helaire,KC,9,99,92.9,6.1,5/4/2022,11.3,Zero RB,Elite TE,25
20,QB,Trevor Lawrence,JAX,10,118,126.5,-8.5,5/4/2022,11.3,Zero RB,Elite TE,25
20,RB,James Cook,BUF,11,123,138.1,-15.1,5/4/2022,11.3,Zero RB,Elite TE,25
20,RB,Gus Edwards,BAL,12,142,157.9,-15.9,5/4/2022,11.3,Zero RB,Elite TE,25
20,TE,Zach Ertz,AZ,13,147,120.7,26.3,5/4/2022,11.3,Zero RB,Elite TE,25
20,TE,Evan Engram,JAX,14,166,166,0,5/4/2022,11.3,Zero RB,Elite TE,25
20,QB,Daniel Jones,NYG,15,171,160.8,10.2,5/4/2022,11.3,Zero RB,Elite TE,25
20,RB,Kenyan Drake,LV,16,190,190,0,5/4/2022,11.3,Zero RB,Elite TE,25
20,WR,Sterling Shepard,NYG,17,195,195,0,5/4/2022,11.3,Zero RB,Elite TE,25
20,RB,James White,NE,18,214,214,0,5/4/2022,11.3,Zero RB,Elite TE,25
21,WR,Cooper Kupp,LAR,1,3,3,0,5/4/2022,5.1,Zero RB,Elite QB,25
21,WR,AJ Brown,PHI,2,22,21.5,0.5,5/4/2022,5.1,Zero RB,Elite QB,25
21,QB,Josh Allen,BUF,3,27,19,8,5/4/2022,5.1,Zero RB,Elite QB,25
21,WR,Mike Williams,LAC,4,46,52.8,-6.8,5/4/2022,5.1,Zero RB,Elite QB,25
21,WR,Marquise Brown,AZ,5,51,52.8,-1.8,5/4/2022,5.1,Zero RB,Elite QB,25
21,RB,Elijah Mitchell,SF,6,70,59.5,10.5,5/4/2022,5.1,Zero RB,Elite QB,25
21,WR,JuJu Smith-Schuster,KC,7,75,77.5,-2.5,5/4/2022,5.1,Zero RB,Elite QB,25
21,WR,Christian Kirk,JAX,8,94,105,-11,5/4/2022,5.1,Zero RB,Elite QB,25
21,RB,Devin Singletary,BUF,9,99,90.1,8.9,5/4/2022,5.1,Zero RB,Elite QB,25
21,RB,Rhamondre Stevenson,NE,10,118,119,-1,5/4/2022,5.1,Zero RB,Elite QB,25
21,QB,Trevor Lawrence,JAX,11,123,126.5,-3.5,5/4/2022,5.1,Zero RB,Elite QB,25
21,TE,Tyler Higbee,LAR,12,142,148.5,-6.5,5/4/2022,5.1,Zero RB,Elite QB,25
21,RB,Kenneth Gainwell,PHI,13,147,160.4,-13.4,5/4/2022,5.1,Zero RB,Elite QB,25
21,TE,Hunter Henry,NE,14,166,138.9,27.1,5/4/2022,5.1,Zero RB,Elite QB,25
21,RB,Tyler Allgeier,ATL,15,171,184.8,-13.8,5/4/2022,5.1,Zero RB,Elite QB,25
21,RB,Nyheim Hines,IND,16,190,179.6,10.4,5/4/2022,5.1,Zero RB,Elite QB,25
21,WR,Isaiah Mckenzie,BUF,17,195,195,0,5/4/2022,5.1,Zero RB,Elite QB,25
21,TE,OJ Howard,BUF,18,214,214,0,5/4/2022,5.1,Zero RB,Elite QB,25
22,RB,Jonathan Taylor,IND,1,1,1.1,-0.1,5/5/2022,32.3,Anchor RB,Elite QB,25
22,QB,Josh Allen,BUF,2,24,19.4,4.6,5/5/2022,32.3,Anchor RB,Elite QB,25
22,WR,AJ Brown,PHI,3,25,22.8,2.2,5/5/2022,32.3,Anchor RB,Elite QB,25
22,TE,Darren Waller,LV,4,48,39.2,8.8,5/5/2022,32.3,Anchor RB,Elite QB,25
22,WR,Gabriel Davis,BUF,5,49,62.9,-13.9,5/5/2022,32.3,Anchor RB,Elite QB,25
22,WR,JuJu Smith-Schuster,KC,6,72,71,1,5/5/2022,32.3,Anchor RB,Elite QB,25
22,WR,Allen Robinson,LAR,7,73,70.1,2.9,5/5/2022,32.3,Anchor RB,Elite QB,25
22,TE,Dawson Knox,BUF,8,96,92.8,3.2,5/5/2022,32.3,Anchor RB,Elite QB,25
22,WR,Jameson Williams,DET,9,97,98.1,-1.1,5/5/2022,32.3,Anchor RB,Elite QB,25
22,RB,James Cook,BUF,10,120,124.4,-4.4,5/5/2022,32.3,Anchor RB,Elite QB,25
22,RB,Rachaad White,TB,11,121,140,-19,5/5/2022,32.3,Anchor RB,Elite QB,25
22,WR,David Bell,CLE,12,144,149.8,-5.8,5/5/2022,32.3,Anchor RB,Elite QB,25
22,RB,Raheem Mostert,MIA,13,145,153.3,-8.3,5/5/2022,32.3,Anchor RB,Elite QB,25
22,RB,Darrell Henderson,LAR,14,168,164.2,3.8,5/5/2022,32.3,Anchor RB,Elite QB,25
22,QB,Jared Goff,DET,15,169,189.2,-20.2,5/5/2022,32.3,Anchor RB,Elite QB,25
22,WR,KJ Osborn,MIN,16,192,165.9,26.1,5/5/2022,32.3,Anchor RB,Elite QB,25
22,RB,Tyrion Davis-Price,SF,17,193,193,0,5/5/2022,32.3,Anchor RB,Elite QB,25
22,WR,Joshua Palmer,LAC,18,216,163.5,52.5,5/5/2022,32.3,Anchor RB,Elite QB,25
23,WR,Justin Jefferson,MIN,1,4,5.6,-1.6,5/5/2022,53,Zero RB,Elite QB,25
23,WR,Deebo Samuel,SF,2,21,17.5,3.5,5/5/2022,53,Zero RB,Elite QB,25
23,WR,Tee Higgins,CIN,3,28,25.7,2.3,5/5/2022,53,Zero RB,Elite QB,25
23,QB,Lamar Jackson,BAL,4,45,42.3,2.7,5/5/2022,53,Zero RB,Elite QB,25
23,WR,Michael Thomas,NO,5,52,58,-6,5/5/2022,53,Zero RB,Elite QB,25
23,WR,Devonta Smith,PHI,6,69,67.1,1.9,5/5/2022,53,Zero RB,Elite QB,25
23,WR,Treylon Burks,TEN,7,76,79.8,-3.8,5/5/2022,53,Zero RB,Elite QB,25
23,WR,Jameson Williams,DET,8,93,98.1,-5.1,5/5/2022,53,Zero RB,Elite QB,25
23,RB,Clyde Edwards-Helaire,KC,9,100,92.3,7.7,5/5/2022,53,Zero RB,Elite QB,25
23,RB,James Cook,BUF,10,117,124.4,-7.4,5/5/2022,53,Zero RB,Elite QB,25
23,TE,Zach Ertz,AZ,11,124,118.1,5.9,5/5/2022,53,Zero RB,Elite QB,25
23,RB,Rhamondre Stevenson,NE,12,141,120.7,20.3,5/5/2022,53,Zero RB,Elite QB,25
23,TE,Hunter Henry,NE,13,148,140.6,7.4,5/5/2022,53,Zero RB,Elite QB,25
23,RB,Gus Edwards,BAL,14,165,157.1,7.9,5/5/2022,53,Zero RB,Elite QB,25
23,QB,Mac Jones,NE,15,172,158.2,13.8,5/5/2022,53,Zero RB,Elite QB,25
23,RB,Brian Robinson,WAS,16,189,185.5,3.5,5/5/2022,53,Zero RB,Elite QB,25
23,TE,Hayden Hurst,CIN,17,196,196,0,5/5/2022,53,Zero RB,Elite QB,25
23,RB,Tyrion Davis-Price,SF,18,213,213,0,5/5/2022,53,Zero RB,Elite QB,25
24,RB,Christian Mccaffrey,CAR,1,3,2.9,0.1,5/5/2022,-38,Superhero RB,Neither,25
24,WR,AJ Brown,PHI,2,22,22.8,-0.8,5/5/2022,-38,Superhero RB,Neither,25
24,RB,Leonard Fournette,TB,3,27,24.9,2.1,5/5/2022,-38,Superhero RB,Neither,25
24,WR,Jerry Jeudy,DEN,4,46,54.9,-8.9,5/5/2022,-38,Superhero RB,Neither,25
24,WR,Mike Williams,LAC,5,51,49.5,1.5,5/5/2022,-38,Superhero RB,Neither,25
24,QB,Russell Wilson,DEN,6,70,68.1,1.9,5/5/2022,-38,Superhero RB,Neither,25
24,WR,Drake London,ATL,7,75,77.9,-2.9,5/5/2022,-38,Superhero RB,Neither,25
24,WR,Skyy Moore,KC,8,94,105.4,-11.4,5/5/2022,-38,Superhero RB,Neither,25
24,WR,Kadarius Toney,NYG,9,99,105.3,-6.3,5/5/2022,-38,Superhero RB,Neither,25
24,TE,Albert Okwuegbunam,DEN,10,118,129.2,-11.2,5/5/2022,-38,Superhero RB,Neither,25
24,WR,Russell Gage,TB,11,123,116.7,6.3,5/5/2022,-38,Superhero RB,Neither,25
24,RB,Isaiah Spiller,LAC,12,142,129.8,12.2,5/5/2022,-38,Superhero RB,Neither,25
24,RB,Raheem Mostert,MIA,13,147,153.3,-6.3,5/5/2022,-38,Superhero RB,Neither,25
24,QB,Daniel Jones,NYG,14,166,165.8,0.2,5/5/2022,-38,Superhero RB,Neither,25
24,RB,Brian Robinson,WAS,15,171,185.5,-14.5,5/5/2022,-38,Superhero RB,Neither,25
24,WR,Wandale Robinson,NYG,16,190,190,0,5/5/2022,-38,Superhero RB,Neither,25
24,TE,Ricky Seals-Jones,NYG,17,195,195,0,5/5/2022,-38,Superhero RB,Neither,25
24,TE,CJ Uzomah,NYJ,18,214,214,0,5/5/2022,-38,Superhero RB,Neither,25
25,WR,Stefon Diggs,BUF,1,11,11.6,-0.6,5/6/2022,-44,Zero RB,Elite QB/TE,25
25,TE,Travis Kelce,KC,2,14,12.8,1.2,5/6/2022,-44,Zero RB,Elite QB/TE,25
25,QB,Patrick Mahomes,KC,3,35,35.1,-0.1,5/6/2022,-44,Zero RB,Elite QB/TE,25
25,WR,DK Metcalf,SEA,4,38,35.8,2.2,5/6/2022,-44,Zero RB,Elite QB/TE,25
25,WR,Courtland Sutton,DEN,5,59,63.5,-4.5,5/6/2022,-44,Zero RB,Elite QB/TE,25
25,WR,JuJu Smith-Schuster,KC,6,62,67.1,-5.1,5/6/2022,-44,Zero RB,Elite QB/TE,25
25,RB,Miles Sanders,PHI,7,83,90.8,-7.8,5/6/2022,-44,Zero RB,Elite QB/TE,25
25,WR,Skyy Moore,KC,8,86,99.4,-13.4,5/6/2022,-44,Zero RB,Elite QB/TE,25
25,RB,Kareem Hunt,CLE,9,107,101.5,5.5,5/6/2022,-44,Zero RB,Elite QB/TE,25
25,WR,Marquez Valdes-Scantling,KC,10,110,118.5,-8.5,5/6/2022,-44,Zero RB,Elite QB/TE,25
25,RB,Rachaad White,TB,11,131,136.9,-5.9,5/6/2022,-44,Zero RB,Elite QB/TE,25
25,WR,DJ Chark,DET,12,134,144.3,-10.3,5/6/2022,-44,Zero RB,Elite QB/TE,25
25,RB,Darrell Henderson,LAR,13,155,163.6,-8.6,5/6/2022,-44,Zero RB,Elite QB/TE,25
25,RB,Nyheim Hines,IND,14,158,172,-14,5/6/2022,-44,Zero RB,Elite QB/TE,25
25,TE,Tyler Higbee,LAR,15,179,153.1,25.9,5/6/2022,-44,Zero RB,Elite QB/TE,25
25,QB,Jared Goff,DET,16,182,182,0,5/6/2022,-44,Zero RB,Elite QB/TE,25
25,RB,Tyrion Davis-Price,SF,17,203,203,0,5/6/2022,-44,Zero RB,Elite QB/TE,25
25,WR,Isaiah Mckenzie,BUF,18,206,206,0,5/6/2022,-44,Zero RB,Elite QB/TE,25
26,WR,Justin Jefferson,MIN,1,6,5.7,0.3,5/6/2022,53.8,Modified Anchor RB,Elite QB/TE,25
26,TE,Mark Andrews,BAL,2,19,17.8,1.2,5/6/2022,53.8,Modified Anchor RB,Elite QB/TE,25
26,RB,James Conner,AZ,3,30,34.4,-4.4,5/6/2022,53.8,Modified Anchor RB,Elite QB/TE,25
26,QB,Lamar Jackson,BAL,4,43,42.8,0.2,5/6/2022,53.8,Modified Anchor RB,Elite QB/TE,25
26,RB,JK Dobbins,BAL,5,54,46.7,7.3,5/6/2022,53.8,Modified Anchor RB,Elite QB/TE,25
26,WR,Rashod Bateman,BAL,6,67,69,-2,5/6/2022,53.8,Modified Anchor RB,Elite QB/TE,25
26,RB,Josh Jacobs,LV,7,78,59.9,18.1,5/6/2022,53.8,Modified Anchor RB,Elite QB/TE,25
26,WR,Hunter Renfrow,LV,8,91,82.9,8.1,5/6/2022,53.8,Modified Anchor RB,Elite QB/TE,25
26,RB,Devin Singletary,BUF,9,102,96.1,5.9,5/6/2022,53.8,Modified Anchor RB,Elite QB/TE,25
26,QB,Kirk Cousins,MIN,10,115,114.6,0.4,5/6/2022,53.8,Modified Anchor RB,Elite QB/TE,25
26,WR,Kenny Golladay,NYG,11,126,127.7,-1.7,5/6/2022,53.8,Modified Anchor RB,Elite QB/TE,25
26,TE,Irv Smith,MIN,12,139,146.4,-7.4,5/6/2022,53.8,Modified Anchor RB,Elite QB/TE,25
26,WR,Will Fuller,,13,150,143.8,6.2,5/6/2022,53.8,Modified Anchor RB,Elite QB/TE,25
26,RB,Brian Robinson,WAS,14,163,163,0,5/6/2022,53.8,Modified Anchor RB,Elite QB/TE,25
26,WR,Odell Beckham,,15,174,152.4,21.6,5/6/2022,53.8,Modified Anchor RB,Elite QB/TE,25
26,WR,Romeo Doubs,GB,16,187,187,0,5/6/2022,53.8,Modified Anchor RB,Elite QB/TE,25
26,WR,Devin Duvernay,BAL,17,198,198,0,5/6/2022,53.8,Modified Anchor RB,Elite QB/TE,25
26,WR,Ihmir Smith-Marsette,MIN,18,211,211,0,5/6/2022,53.8,Modified Anchor RB,Elite QB/TE,25
27,WR,Justin Jefferson,MIN,1,6,5.7,0.3,5/6/2022,39.1,Anchor RB,Elite QB/TE,25
27,RB,Nick Chubb,CLE,2,19,21.1,-2.1,5/6/2022,39.1,Anchor RB,Elite QB/TE,25
27,TE,Kyle Pitts,ATL,3,30,31.2,-1.2,5/6/2022,39.1,Anchor RB,Elite QB/TE,25
27,WR,DJ Moore,CAR,4,43,39.5,3.5,5/6/2022,39.1,Anchor RB,Elite QB/TE,25
27,QB,Patrick Mahomes,KC,5,54,35.1,18.9,5/6/2022,39.1,Anchor RB,Elite QB/TE,25
27,WR,Amon-Ra St. Brown,DET,6,67,65.5,1.5,5/6/2022,39.1,Anchor RB,Elite QB/TE,25
27,RB,AJ Dillon,GB,7,78,77.3,0.7,5/6/2022,39.1,Anchor RB,Elite QB/TE,25
27,RB,Miles Sanders,PHI,8,91,90.8,0.2,5/6/2022,39.1,Anchor RB,Elite QB/TE,25
27,WR,Kadarius Toney,NYG,9,102,107.7,-5.7,5/6/2022,39.1,Anchor RB,Elite QB/TE,25
27,WR,Chase Claypool,PIT,10,115,103.3,11.7,5/6/2022,39.1,Anchor RB,Elite QB/TE,25
27,RB,Ronald Jones,KC,11,126,131.9,-5.9,5/6/2022,39.1,Anchor RB,Elite QB/TE,25
27,WR,DJ Chark,DET,12,139,144,-5,5/6/2022,39.1,Anchor RB,Elite QB/TE,25
27,WR,Mecole Hardman,KC,13,150,146.6,3.4,5/6/2022,39.1,Anchor RB,Elite QB/TE,25
27,TE,Noah Fant,SEA,14,163,149.7,13.3,5/6/2022,39.1,Anchor RB,Elite QB/TE,25
27,QB,Daniel Jones,NYG,15,174,168.5,5.5,5/6/2022,39.1,Anchor RB,Elite QB/TE,25
27,WR,Wandale Robinson,NYG,16,187,187,0,5/6/2022,39.1,Anchor RB,Elite QB/TE,25
27,WR,Justyn Ross,KC,17,198,198,0,5/6/2022,39.1,Anchor RB,Elite QB/TE,25
27,RB,Damien Williams,ATL,18,211,211,0,5/6/2022,39.1,Anchor RB,Elite QB/TE,25
28,WR,Justin Jefferson,MIN,1,6,5.5,0.5,5/8/2022,7.8,Modified Anchor RB,Neither,25
28,WR,Tyreek Hill,MIA,2,19,18.6,0.4,5/8/2022,7.8,Modified Anchor RB,Neither,25
28,RB,Saquon Barkley,NYG,3,30,27.3,2.7,5/8/2022,7.8,Modified Anchor RB,Neither,25
28,WR,Jerry Jeudy,DEN,4,43,48.6,-5.6,5/8/2022,7.8,Modified Anchor RB,Neither,25
28,WR,Mike Williams,LAC,5,54,48,6,5/8/2022,7.8,Modified Anchor RB,Neither,25
28,WR,Courtland Sutton,DEN,6,67,58.7,8.3,5/8/2022,7.8,Modified Anchor RB,Neither,25
28,WR,Adam Thielen,MIN,7,78,79.3,-1.3,5/8/2022,7.8,Modified Anchor RB,Neither,25
28,WR,Skyy Moore,KC,8,91,90.1,0.9,5/8/2022,7.8,Modified Anchor RB,Neither,25
28,RB,Kareem Hunt,KC,9,102,100.5,1.5,5/8/2022,7.8,Modified Anchor RB,Neither,25
28,QB,Kirk Cousins,MIN,10,115,115.7,-0.7,5/8/2022,7.8,Modified Anchor RB,Neither,25
28,QB,Justin Fields,CHI,11,126,125.3,0.7,5/8/2022,7.8,Modified Anchor RB,Neither,25
28,TE,Hunter Henry,NE,12,139,142,-3,5/8/2022,7.8,Modified Anchor RB,Neither,25
28,RB,Gus Edwards,BAL,13,150,157,-7,5/8/2022,7.8,Modified Anchor RB,Neither,25
28,QB,Mac Jones,NE,14,163,169.7,-6.7,5/8/2022,7.8,Modified Anchor RB,Neither,25
28,RB,Khalil Herbert,CHI,15,174,174,0,5/8/2022,7.8,Modified Anchor RB,Neither,25
28,RB,Marlon Mack,HOU,16,187,175.9,11.1,5/8/2022,7.8,Modified Anchor RB,Neither,25
28,TE,Brevin Jordan,HOU,17,198,198,0,5/8/2022,7.8,Modified Anchor RB,Neither,25
28,TE,Austin Hooper,TEN,18,211,211,0,5/8/2022,7.8,Modified Anchor RB,Neither,25
29,WR,Justin Jefferson,MIN,1,6,5.5,0.5,5/9/2022,71.5,Modified Anchor RB,Elite QB/TE,25
29,TE,Mark Andrews,BAL,2,19,16.6,2.4,5/9/2022,71.5,Modified Anchor RB,Elite QB/TE,25
29,RB,Saquon Barkley,NYG,3,30,27.2,2.8,5/9/2022,71.5,Modified Anchor RB,Elite QB/TE,25
29,QB,Lamar Jackson,BAL,4,43,42.5,0.5,5/9/2022,71.5,Modified Anchor RB,Elite QB/TE,25
29,WR,Jerry Jeudy,DEN,5,54,47.7,6.3,5/9/2022,71.5,Modified Anchor RB,Elite QB/TE,25
29,WR,Elijah Moore,NYJ,6,67,65.1,1.9,5/9/2022,71.5,Modified Anchor RB,Elite QB/TE,25
29,WR,Amon-Ra St. Brown,DET,7,78,68.3,9.7,5/9/2022,71.5,Modified Anchor RB,Elite QB/TE,25
29,WR,Garrett Wilson,NYJ,8,91,93.4,-2.4,5/9/2022,71.5,Modified Anchor RB,Elite QB/TE,25
29,RB,Kareem Hunt,CLE,9,102,100.2,1.8,5/9/2022,71.5,Modified Anchor RB,Elite QB/TE,25
29,WR,Kadarius Toney,NYG,10,115,109.8,5.2,5/9/2022,71.5,Modified Anchor RB,Elite QB/TE,25
29,QB,Deshaun Watson,CLE,11,126,103.8,22.2,5/9/2022,71.5,Modified Anchor RB,Elite QB/TE,25
29,WR,Rondale Moore,AZ,12,139,117,22,5/9/2022,71.5,Modified Anchor RB,Elite QB/TE,25
29,WR,David Bell,CLE,13,150,153,-3,5/9/2022,71.5,Modified Anchor RB,Elite QB/TE,25
29,TE,David Njoku,CLE,14,163,161.3,1.7,5/9/2022,71.5,Modified Anchor RB,Elite QB/TE,25
29,RB,Khalil Herbert,CHI,15,174,174.1,-0.1,5/9/2022,71.5,Modified Anchor RB,Elite QB/TE,25
29,RB,Keaontay Ingram,AZ,16,187,187,0,5/9/2022,71.5,Modified Anchor RB,Elite QB/TE,25
29,RB,Sony Michel,,17,198,198,0,5/9/2022,71.5,Modified Anchor RB,Elite QB/TE,25
29,RB,Tylan Wallace,BAL,18,211,211,0,5/9/2022,71.5,Modified Anchor RB,Elite QB/TE,25
30,RB,Christian Mccaffrey,CAR,1,3,3.4,-0.4,5/10/2022,0.2,Anchor RB,Neither,25
30,WR,AJ Brown,PHI,2,22,24.2,-2.2,5/10/2022,0.2,Anchor RB,Neither,25
30,WR,Tee Higgins,CIN,3,27,26.3,0.7,5/10/2022,0.2,Anchor RB,Neither,25
30,WR,Chris Godwin,TB,4,46,46.8,-0.8,5/10/2022,0.2,Anchor RB,Neither,25
30,WR,Courtland Sutton,DEN,5,51,55,-4,5/10/2022,0.2,Anchor RB,Neither,25
30,RB,Elijah Mitchell,SF,6,70,66.3,3.7,5/10/2022,0.2,Anchor RB,Neither,25
30,QB,Russell Wilson,DEN,7,75,74.3,0.7,5/10/2022,0.2,Anchor RB,Neither,25
30,RB,Clyde Edwards-Helaire,KC,8,94,87.4,6.6,5/10/2022,0.2,Anchor RB,Neither,25
30,WR,Christian Kirk,JAX,9,99,99.2,-0.2,5/10/2022,0.2,Anchor RB,Neither,25
30,RB,Melvin Gordon,DEN,10,118,113.9,4.1,5/10/2022,0.2,Anchor RB,Neither,25
30,TE,Albert Okwuegbunam,DEN,11,123,136,-13,5/10/2022,0.2,Anchor RB,Neither,25
30,RB,Michael Carter,NYJ,12,142,126.5,15.5,5/10/2022,0.2,Anchor RB,Neither,25
30,QB,Zach Wilson,NYJ,13,147,150.5,-3.5,5/10/2022,0.2,Anchor RB,Neither,25
30,WR,Marvin Jones,JAX,14,166,173,-7,5/10/2022,0.2,Anchor RB,Neither,25
30,TE,Evan Engram,JAX,15,171,171,0,5/10/2022,0.2,Anchor RB,Neither,25
30,WR,Wandale Robinson,NYG,16,190,190,0,5/10/2022,0.2,Anchor RB,Neither,25
30,TE,CJ Uzomah,NYJ,17,195,195,0,5/10/2022,0.2,Anchor RB,Neither,25
30,WR,Braxton Berrios,NYJ,18,214,214,0,5/10/2022,0.2,Anchor RB,Neither,25
31,WR,Davante Adams,LV,1,10,9.7,0.3,5/12/2022,49,Zero RB,Neither,25
31,WR,Deebo Samuel,SF,2,15,16.6,-1.6,5/12/2022,49,Zero RB,Neither,25
31,WR,Jaylen Waddle,MIA,3,34,32.5,1.5,5/12/2022,49,Zero RB,Neither,25
31,WR,Michael Pittman,IND,4,39,39,0,5/12/2022,49,Zero RB,Neither,25
31,QB,Kyler Murray,AZ,5,58,58,0,5/12/2022,49,Zero RB,Neither,25
31,RB,Travis Etienne,JAX,6,63,58.6,4.4,5/12/2022,49,Zero RB,Neither,25
31,RB,Elijah Mitchell,SF,7,82,67.4,14.6,5/12/2022,49,Zero RB,Neither,25
31,WR,Hunter Renfrow,LV,8,87,85.7,1.3,5/12/2022,49,Zero RB,Neither,25
31,TE,Dawson Knox,BUF,9,106,97.6,8.4,5/12/2022,49,Zero RB,Neither,25
31,WR,Tyler Boyd,CIN,10,111,114.1,-3.1,5/12/2022,49,Zero RB,Neither,25
31,RB,Dameon Pierce,HOU,11,130,128.3,1.7,5/12/2022,49,Zero RB,Neither,25
31,TE,Robert Tonyan,GB,12,135,137.9,-2.9,5/12/2022,49,Zero RB,Neither,25
31,QB,Matt Ryan,IND,13,154,157.4,-3.4,5/12/2022,49,Zero RB,Neither,25
31,RB,Nyheim Hines,IND,14,159,159,0,5/12/2022,49,Zero RB,Neither,25
31,WR,Julio Jones,,15,178,178,0,5/12/2022,49,Zero RB,Neither,25
31,RB,Raheem Mostert,MIA,16,183,155.2,27.8,5/12/2022,49,Zero RB,Neither,25
31,WR,Isaiah Mckenzie,BUF,17,202,202,0,5/12/2022,49,Zero RB,Neither,25
31,RB,Keaontay Ingram,AZ,18,207,207,0,5/12/2022,49,Zero RB,Neither,25
32,WR,Cooper Kupp,LAR,1,2,2.5,-0.5,5/12/2022,-19.5,Zero RB,Elite QB,25
32,WR,AJ Brown,PHI,2,23,23.9,-0.9,5/12/2022,-19.5,Zero RB,Elite QB,25
32,QB,Josh Allen,BUF,3,26,23.6,2.4,5/12/2022,-19.5,Zero RB,Elite QB,25
32,WR,Courtland Sutton,DEN,4,47,54,-7,5/12/2022,-19.5,Zero RB,Elite QB,25
32,WR,Gabriel Davis,BUF,5,50,58.1,-8.1,5/12/2022,-19.5,Zero RB,Elite QB,25
32,WR,Darnell Mooney,CHI,6,71,66.1,4.9,5/12/2022,-19.5,Zero RB,Elite QB,25
32,TE,TJ Hockenson,DET,7,74,77.7,-3.7,5/12/2022,-19.5,Zero RB,Elite QB,25
32,TE,Dawson Knox,BUF,8,95,97.6,-2.6,5/12/2022,-19.5,Zero RB,Elite QB,25
32,RB,Kareem Hunt,CLE,9,98,99.3,-1.3,5/12/2022,-19.5,Zero RB,Elite QB,25
32,RB,Rhamondre Stevenson,NE,10,119,121.8,-2.8,5/12/2022,-19.5,Zero RB,Elite QB,25
32,QB,Justin Fields,CHI,11,122,130.1,-8.1,5/12/2022,-19.5,Zero RB,Elite QB,25
32,RB,Isaiah Spiller,LAC,12,143,139.6,3.4,5/12/2022,-19.5,Zero RB,Elite QB,25
32,WR,Jamison Crowder,BUF,13,146,150.3,-4.3,5/12/2022,-19.5,Zero RB,Elite QB,25
32,WR,David Bell,CLE,14,167,153.3,13.7,5/12/2022,-19.5,Zero RB,Elite QB,25
32,RB,Khalil Herbert,CHI,15,170,172.8,-2.8,5/12/2022,-19.5,Zero RB,Elite QB,25
32,WR,KJ Hamler,DEN,16,191,192.8,-1.8,5/12/2022,-19.5,Zero RB,Elite QB,25
32,RB,Samaje Perine,CIN,17,194,194,0,5/12/2022,-19.5,Zero RB,Elite QB,25
32,RB,Keaontay Ingram,AZ,18,215,215,0,5/12/2022,-19.5,Zero RB,Elite QB,25
33,WR,Jamar Chase,CIN,1,7,5.2,1.8,5/12/2022,81.5,Modified Anchor RB,Neither,25
33,WR,Deebo Samuel,SF,2,18,16.6,1.4,5/12/2022,81.5,Modified Anchor RB,Neither,25
33,RB,James Conner,AZ,3,31,30.1,0.9,5/12/2022,81.5,Modified Anchor RB,Neither,25
33,WR,Jaylen Waddle,MIA,4,42,32.5,9.5,5/12/2022,81.5,Modified Anchor RB,Neither,25
33,WR,Gabriel Davis,BUF,5,55,58.1,-3.1,5/12/2022,81.5,Modified Anchor RB,Neither,25
33,RB,Antonio Gibson,WAS,6,66,55.2,10.8,5/12/2022,81.5,Modified Anchor RB,Neither,25
33,QB,Russell Wilson,DEN,7,79,76.5,2.5,5/12/2022,81.5,Modified Anchor RB,Neither,25
33,WR,Brandon Aiyuk,SF,8,90,81.8,8.2,5/12/2022,81.5,Modified Anchor RB,Neither,25
33,QB,Trey Lance,SF,9,103,98.3,4.7,5/12/2022,81.5,Modified Anchor RB,Neither,25
33,RB,Devin Singletary,BUF,10,114,104.3,9.7,5/12/2022,81.5,Modified Anchor RB,Neither,25
33,RB,Rhamondre Stevenson,NE,11,127,121.8,5.2,5/12/2022,81.5,Modified Anchor RB,Neither,25
33,TE,Albert Okwuegbunam,DEN,12,138,135.8,2.2,5/12/2022,81.5,Modified Anchor RB,Neither,25
33,TE,Robert Tonyan,GB,13,151,137.9,13.1,5/12/2022,81.5,Modified Anchor RB,Neither,25
33,WR,KJ Osborn,MIN,14,162,157.1,4.9,5/12/2022,81.5,Modified Anchor RB,Neither,25
33,RB,Tyrion Davis-Price,SF,15,175,175,0,5/12/2022,81.5,Modified Anchor RB,Neither,25
33,WR,KJ Hamler,DEN,16,186,192.8,-6.8,5/12/2022,81.5,Modified Anchor RB,Neither,25
33,TE,Gerald Everett,LAC,17,199,182.5,16.5,5/12/2022,81.5,Modified Anchor RB,Neither,25
33,WR,Isaiah Mckenzie,BUF,18,210,210,0,5/12/2022,81.5,Modified Anchor RB,Neither,25
34,TE,Travis Kelce,KC,1,11,12.4,-1.4,5/12/2022,18.1,Modified Superhero RB,Elite QB/TE,25
34,RB,Dalvin Cook,MIN,2,14,10.9,3.1,5/12/2022,18.1,Modified Superhero RB,Elite QB/TE,25
34,WR,DJ Moore,CAR,3,35,37.1,-2.1,5/12/2022,18.1,Modified Superhero RB,Elite QB/TE,25
34,QB,Patrick Mahomes,KC,4,38,37.4,0.6,5/12/2022,18.1,Modified Superhero RB,Elite QB/TE,25
34,RB,JK Dobbins,BAL,5,59,48.7,10.3,5/12/2022,18.1,Modified Superhero RB,Elite QB/TE,25
34,WR,Jerry Jeudy,DEN,6,62,44.4,17.6,5/12/2022,18.1,Modified Superhero RB,Elite QB/TE,25
34,QB,Russell Wilson,DEN,7,83,76.5,6.5,5/12/2022,18.1,Modified Superhero RB,Elite QB/TE,25
34,WR,Garrett Wilson,NYJ,8,86,92.5,-6.5,5/12/2022,18.1,Modified Superhero RB,Elite QB/TE,25
34,WR,Kadarius Toney,NYG,9,107,110.7,-3.7,5/12/2022,18.1,Modified Superhero RB,Elite QB/TE,25
34,RB,Melvin Gordon,DEN,10,110,113.8,-3.8,5/12/2022,18.1,Modified Superhero RB,Elite QB/TE,25
34,TE,Albert Okwuegbunam,DEN,11,131,134.3,-3.3,5/12/2022,18.1,Modified Superhero RB,Elite QB/TE,25
34,WR,George Pickens,PIT,12,134,140.3,-6.3,5/12/2022,18.1,Modified Superhero RB,Elite QB/TE,25
34,WR,David Bell,CLE,13,155,153.3,1.7,5/12/2022,18.1,Modified Superhero RB,Elite QB/TE,25
34,WR,KJ Osborn,MIN,14,158,157.1,0.9,5/12/2022,18.1,Modified Superhero RB,Elite QB/TE,25
34,WR,Donovan Peoples-Jones,CLE,15,179,177.3,1.7,5/12/2022,18.1,Modified Superhero RB,Elite QB/TE,25
34,WR,Jalen Tolbert,DAL,16,182,179.2,2.8,5/12/2022,18.1,Modified Superhero RB,Elite QB/TE,25
34,RB,Keaontay Ingram,AZ,17,203,203,0,5/12/2022,18.1,Modified Superhero RB,Elite QB/TE,25
34,RB,Dernest Johnson,CLE,18,206,206,0,5/12/2022,18.1,Modified Superhero RB,Elite QB/TE,25
35,WR,Jamar Chase,CIN,1,8,5.2,2.8,5/13/2022,45.9,Zero RB,Elite TE,25
35,WR,Tyreek Hill,MIA,2,17,20.2,-3.2,5/13/2022,45.9,Zero RB,Elite TE,25
35,TE,Kyle Pitts,ATL,3,32,31,1,5/13/2022,45.9,Zero RB,Elite TE,25
35,WR,Jaylen Waddle,MIA,4,41,32.8,8.2,5/13/2022,45.9,Zero RB,Elite TE,25
35,QB,Kyler Murray,AZ,5,56,58.5,-2.5,5/13/2022,45.9,Zero RB,Elite TE,25
35,WR,Jerry Jeudy,DEN,6,65,46.8,18.2,5/13/2022,45.9,Zero RB,Elite TE,25
35,WR,Devonta Smith,PHI,7,80,73,7,5/13/2022,45.9,Zero RB,Elite TE,25
35,RB,Clyde Edwards-Helaire,KC,8,89,89,0,5/13/2022,45.9,Zero RB,Elite TE,25
35,RB,James Cook,BUF,9,104,110.2,-6.2,5/13/2022,45.9,Zero RB,Elite TE,25
35,WR,Tyler Boyd,CIN,10,113,112.5,0.5,5/13/2022,45.9,Zero RB,Elite TE,25
35,QB,Tua Tagovailoa,MIA,11,128,129.4,-1.4,5/13/2022,45.9,Zero RB,Elite TE,25
35,RB,Rachaad White,TB,12,137,132.5,4.5,5/13/2022,45.9,Zero RB,Elite TE,25
35,RB,Tyler Allgeier,ATL,13,152,147.3,4.7,5/13/2022,45.9,Zero RB,Elite TE,25
35,RB,Gus Edwards,BAL,14,161,165.3,-4.3,5/13/2022,45.9,Zero RB,Elite TE,25
35,RB,Kenneth Gainwell,PHI,15,176,165.7,10.3,5/13/2022,45.9,Zero RB,Elite TE,25
35,WR,Jalen Tolbert,DAL,16,185,178.7,6.3,5/13/2022,45.9,Zero RB,Elite TE,25
35,TE,Trey Mcbride,AZ,17,200,200,0,5/13/2022,45.9,Zero RB,Elite TE,25
36,WR,Isaiah Mckenzie,BUF,18,209,209,0,5/13/2022,45.9,Zero RB,Elite TE,25
36,WR,Stefon Diggs,BUF,1,8,11,-3,5/13/2022,7.7,Zero RB,Elite TE,25
36,TE,Mark Andrews,BAL,2,17,16.9,0.1,5/13/2022,7.7,Zero RB,Elite TE,25
36,WR,DJ Moore,CAR,3,32,36.5,-4.5,5/13/2022,7.7,Zero RB,Elite TE,25
36,WR,Mike Williams,LAC,4,41,43.6,-2.6,5/13/2022,7.7,Zero RB,Elite TE,25
36,WR,Gabriel Davis,BUF,5,56,57.3,-1.3,5/13/2022,7.7,Zero RB,Elite TE,25
36,RB,Elijah Mitchell,SF,6,65,68.4,-3.4,5/13/2022,7.7,Zero RB,Elite TE,25
36,WR,Elijah Moore,NYJ,7,80,67,13,5/13/2022,7.7,Zero RB,Elite TE,25
36,WR,Garrett Wilson,NYJ,8,89,93.4,-4.4,5/13/2022,7.7,Zero RB,Elite TE,25
36,QB,Trey Lance,SF,9,104,98.9,5.1,5/13/2022,7.7,Zero RB,Elite TE,25
36,WR,Jameson Williams,DET,10,113,110.7,2.3,5/13/2022,7.7,Zero RB,Elite TE,25
36,RB,Rhamondre Stevenson,NE,11,128,122.1,5.9,5/13/2022,7.7,Zero RB,Elite TE,25
36,RB,Rachaad White,TB,12,137,132.5,4.5,5/13/2022,7.7,Zero RB,Elite TE,25
36,QB,Zach Wilson,NYJ,13,152,153.1,-1.1,5/13/2022,7.7,Zero RB,Elite TE,25
36,TE,Noah Fant,SEA,14,161,165.9,-4.9,5/13/2022,7.7,Zero RB,Elite TE,25
36,RB,Khalil Herbert,CHI,15,176,173.1,2.9,5/13/2022,7.7,Zero RB,Elite TE,25
36,RB,Jamaal Williams,DET,16,185,185.9,-0.9,5/13/2022,7.7,Zero RB,Elite TE,25
36,RB,Sony Michel,MIA,17,200,200,0,5/13/2022,7.7,Zero RB,Elite TE,25
36,WR,Danny Gray,SF,18,209,209,0,5/13/2022,7.7,Zero RB,Elite TE,25
37,RB,Christian Mccaffrey,CAR,1,2,3.3,-1.3,5/13/2022,25.6,Anchor RB,Neither,25
37,WR,Mike Evans,TB,2,23,20.7,2.3,5/13/2022,25.6,Anchor RB,Neither,25
37,WR,Tee Higgins,CIN,3,26,25.8,0.2,5/13/2022,25.6,Anchor RB,Neither,25
37,WR,Courtland Sutton,DEN,4,47,52.4,-5.4,5/13/2022,25.6,Anchor RB,Neither,25
37,WR,Gabriel Davis,BUF,5,50,57.3,-7.3,5/13/2022,25.6,Anchor RB,Neither,25
37,RB,Elijah Mitchell,SF,6,71,68.4,2.6,5/13/2022,25.6,Anchor RB,Neither,25
37,QB,Tom Brady,TB,7,74,72.3,1.7,5/13/2022,25.6,Anchor RB,Neither,25
37,WR,Christian Kirk,JAX,8,95,97.7,-2.7,5/13/2022,25.6,Anchor RB,Neither,25
37,WR,Garrett Wilson,NYJ,9,98,93.4,4.6,5/13/2022,25.6,Anchor RB,Neither,25
37,RB,Melvin Gordon,DEN,10,119,113.7,5.3,5/13/2022,25.6,Anchor RB,Neither,25
37,TE,Rob Gronkowski,TB,11,122,126.2,-4.2,5/13/2022,25.6,Anchor RB,Neither,25
37,QB,Trevor Lawrence,JAX,12,143,144.5,-1.5,5/13/2022,25.6,Anchor RB,Neither,25
37,WR,Jamison Crowder,BUF,13,146,146,0,5/13/2022,25.6,Anchor RB,Neither,25
37,RB,Khalil Herbert,CHI,14,167,167,0,5/13/2022,25.6,Anchor RB,Neither,25
37,RB,Brian Robinson,WAS,15,170,170,0,5/13/2022,25.6,Anchor RB,Neither,25
37,TE,Logan Thomas,WAS,16,191,176,15,5/13/2022,25.6,Anchor RB,Neither,25
37,QB,Carson Wentz,WAS,17,194,194,0,5/13/2022,25.6,Anchor RB,Neither,25
37,WR,Nico Collins,HOU,18,215,198.7,16.3,5/13/2022,25.6,Anchor RB,Neither,25
38,WR,Justin Jefferson,MIN,1,4,4.7,-0.7,5/13/2022,131.1,Modified Hyperfragile,Elite TE,25
38,RB,Alvin Kamara,NO,2,21,19.4,1.6,5/13/2022,131.1,Modified Hyperfragile,Elite TE,25
38,RB,Aaron Jones,GB,3,28,25.7,2.3,5/13/2022,131.1,Modified Hyperfragile,Elite TE,25
38,TE,Darren Waller,LV,4,45,40.8,4.2,5/13/2022,131.1,Modified Hyperfragile,Elite TE,25
38,RB,David Montgomery,CHI,5,52,47.2,4.8,5/13/2022,131.1,Modified Hyperfragile,Elite TE,25
38,RB,Josh Jacobs,LV,6,69,62.7,6.3,5/13/2022,131.1,Modified Hyperfragile,Elite TE,25
38,WR,Amon-Ra St. Brown,DET,7,76,70.2,5.8,5/13/2022,131.1,Modified Hyperfragile,Elite TE,25
38,WR,Hunter Renfrow,LV,8,93,85.4,7.6,5/13/2022,131.1,Modified Hyperfragile,Elite TE,25
38,QB,Derek Carr,LV,9,100,107.1,-7.1,5/13/2022,131.1,Modified Hyperfragile,Elite TE,25
38,WR,Jameson Williams,DET,10,117,110.7,6.3,5/13/2022,131.1,Modified Hyperfragile,Elite TE,25
38,QB,Kirk Cousins,MIN,11,124,120.1,3.9,5/13/2022,131.1,Modified Hyperfragile,Elite TE,25
38,TE,Irv Smith,MIN,12,141,138.5,2.5,5/13/2022,131.1,Modified Hyperfragile,Elite TE,25
38,WR,Devante Parker,NE,13,148,131.7,16.3,5/13/2022,131.1,Modified Hyperfragile,Elite TE,25
38,RB,James Robinson,JAX,14,165,147.9,17.1,5/13/2022,131.1,Modified Hyperfragile,Elite TE,25
38,WR,George Pickens,PIT,15,172,140.4,31.6,5/13/2022,131.1,Modified Hyperfragile,Elite TE,25
38,WR,Sammy Watkins,GB,16,189,172.2,16.8,5/13/2022,131.1,Modified Hyperfragile,Elite TE,25
38,WR,Robby Anderson,CAR,17,196,184.2,11.8,5/13/2022,131.1,Modified Hyperfragile,Elite TE,25
38,WR,Velus Jones,CHI,18,213,213,0,5/13/2022,131.1,Modified Hyperfragile,Elite TE,25
39,WR,Jamar Chase,CIN,1,4,5.2,-1.2,5/13/2022,4.4,Modified Superhero RB,Elite TE,25
39,RB,Nick Chubb,CLE,2,21,21.1,-0.1,5/13/2022,4.4,Superhero RB,Elite TE,25
39,RB,Saquon Barkley,NYG,3,28,27.3,0.7,5/13/2022,4.4,Superhero RB,Elite TE,25
39,TE,George Kittle,SF,4,45,44.9,0.1,5/13/2022,4.4,Superhero RB,Elite TE,25
39,WR,Courtland Sutton,DEN,5,52,52.4,-0.4,5/13/2022,4.4,Superhero RB,Elite TE,25
39,QB,Joe Burrow,CIN,6,69,63.7,5.3,5/13/2022,4.4,Superhero RB,Elite TE,25
39,QB,Russell Wilson,DEN,7,76,76.4,-0.4,5/13/2022,4.4,Superhero RB,Elite TE,25
39,TE,Dawson Knox,BUF,8,93,96.2,-3.2,5/13/2022,4.4,Superhero RB,Elite TE,25
39,RB,Devin Singletary,BUF,9,100,104.6,-4.6,5/13/2022,4.4,Superhero RB,Elite TE,25
39,WR,Tyler Boyd,CIN,10,117,112.5,4.5,5/13/2022,4.4,Superhero RB,Elite TE,25
39,RB,Alexander Mattison,MIN,11,124,125.5,-1.5,5/13/2022,4.4,Superhero RB,Elite TE,25
39,RB,Tyler Allgeier,ATL,12,141,147.3,-6.3,5/13/2022,4.4,Superhero RB,Elite TE,25
39,WR,Jamison Crowder,BUF,13,148,148.5,-0.5,5/13/2022,4.4,Superhero RB,Elite TE,25
39,WR,David Bell,CLE,14,165,153.4,11.6,5/13/2022,4.4,Superhero RB,Elite TE,25
39,WR,Curtis Samuel,WAS,15,172,172.3,-0.3,5/13/2022,4.4,Superhero RB,Elite TE,25
39,WR,Julio Jones,,16,189,188.3,0.7,5/13/2022,4.4,Superhero RB,Elite TE,25
39,WR,Wandale Robinson,NYG,17,196,196,0,5/13/2022,4.4,Superhero RB,Elite TE,25
39,WR,Romeo Doubs,GB,18,213,213,0,5/13/2022,4.4,Superhero RB,Elite TE,25
40,WR,Stefon Diggs,BUF,1,11,11,0,5/13/2022,-10.5,Zero RB,Neither,25
40,WR,Ceedee Lamb,DAL,2,14,14.3,-0.3,5/13/2022,-10.5,Zero RB,Neither,25
40,WR,DJ Moore,CAR,3,35,36.5,-1.5,5/13/2022,-10.5,Zero RB,Neither,25
40,WR,Marquise Brown,AZ,4,38,42.8,-4.8,5/13/2022,-10.5,Zero RB,Neither,25
40,WR,Michael Thomas,NO,5,59,55.8,3.2,5/13/2022,-10.5,Zero RB,Neither,25
40,QB,Jalen Hurts,PHI,6,62,65.2,-3.2,5/13/2022,-10.5,Zero RB,Neither,25
40,QB,Dak Prescott,DAL,7,83,82.8,0.2,5/13/2022,-10.5,Zero RB,Neither,25
40,TE,Dalton Schultz,DAL,8,86,80.1,5.9,5/13/2022,-10.5,Zero RB,Neither,25
40,TE,Dawson Knox,BUF,9,107,96.2,10.8,5/13/2022,-10.5,Zero RB,Neither,25
40,WR,Kadarius Toney,NYG,10,110,109.9,0.1,5/13/2022,-10.5,Zero RB,Neither,25
40,RB,Isaiah Spiller,LAC,11,131,138.9,-7.9,5/13/2022,-10.5,Zero RB,Neither,25
40,RB,Tyler Allgeier,ATL,12,134,147.3,-13.3,5/13/2022,-10.5,Zero RB,Neither,25
40,RB,James Robinson,JAX,13,155,147.9,7.1,5/13/2022,-10.5,Zero RB,Neither,25
40,RB,Kenneth Gainwell,PHI,14,158,165.7,-7.7,5/13/2022,-10.5,Zero RB,Neither,25
40,RB,Marlon Mack,HOU,15,179,178.1,0.9,5/13/2022,-10.5,Zero RB,Neither,25
40,RB,JD Mckissic,WAS,16,182,182,0,5/13/2022,-10.5,Zero RB,Neither,25
40,WR,Wandale Robinson,NYG,17,203,203,0,5/13/2022,-10.5,Zero RB,Neither,25
40,WR,Quez Watkins,PHI,18,206,206,0,5/13/2022,-10.5,Zero RB,Neither,25
41,WR,Jamar Chase,CIN,1,4,5.3,-1.3,5/16/2022,17.8,Zero RB,Elite QB,25
41,WR,Tyreek Hill,MIA,2,21,20,1,5/16/2022,17.8,Zero RB,Elite QB,25
41,QB,Josh Allen,BUF,3,28,24.2,3.8,5/16/2022,17.8,Zero RB,Elite QB,25
41,WR,Chris Godwin,TB,4,45,46,-1,5/16/2022,17.8,Zero RB,Elite QB,25
41,RB,Breece Hall,NYJ,5,52,49.2,2.8,5/16/2022,17.8,Zero RB,Elite QB,25
41,RB,Elijah Mitchell,SF,6,69,68.1,0.9,5/16/2022,17.8,Zero RB,Elite QB,25
41,WR,Devonta Smith,PHI,7,76,73.1,2.9,5/16/2022,17.8,Zero RB,Elite QB,25
41,TE,Dawson Knox,BUF,8,93,96.4,-3.4,5/16/2022,17.8,Zero RB,Elite QB,25
41,WR,Chris Olave,NO,9,100,92.4,7.6,5/16/2022,17.8,Zero RB,Elite QB,25
41,WR,Jameson Williams,DET,10,117,113,4,5/16/2022,17.8,Zero RB,Elite QB,25
41,RB,Rachaad White,TB,11,124,132.4,-8.4,5/16/2022,17.8,Zero RB,Elite QB,25
41,TE,Hunter Henry,TE,12,141,140.7,0.3,5/16/2022,17.8,Zero RB,Elite QB,25
41,WR,Jarvis Landry,NO,13,148,145.1,2.9,5/16/2022,17.8,Zero RB,Elite QB,25
41,RB,Kenneth Gainwell,PHI,14,165,162.3,2.7,5/16/2022,17.8,Zero RB,Elite QB,25
41,QB,Mac Jones,NE,15,172,172,0,5/16/2022,17.8,Zero RB,Elite QB,25
41,WR,Kendrick Bourne,NE,16,189,187.3,1.7,5/16/2022,17.8,Zero RB,Elite QB,25
41,RB,Sony Michel,MIA,17,196,196,0,5/16/2022,17.8,Zero RB,Elite QB,25
41,RB,James White,NE,18,213,213,0,5/16/2022,17.8,Zero RB,Elite QB,25
42,RB,Christian Mccaffrey,CAR,1,2,3.1,-1.1,5/16/2022,24.5,Superhero RB,Elite QB/TE,25
42,WR,AJ Brown,PHI,2,23,23.8,-0.8,5/16/2022,24.5,Superhero RB,Elite QB/TE,25
42,RB,Saquon Barkley,NYG,3,26,27.3,-1.3,5/16/2022,24.5,Superhero RB,Elite QB/TE,25
42,QB,Lamar Jackson,BAL,4,47,43.8,3.2,5/16/2022,24.5,Superhero RB,Elite QB/TE,25
42,TE,George Kittle,SF,5,50,45.7,4.3,5/16/2022,24.5,Superhero RB,Elite QB/TE,25
42,WR,Elijah Moore,NYJ,6,71,67.8,3.2,5/16/2022,24.5,Superhero RB,Elite QB/TE,25
42,WR,Devonta Smith,PHI,7,74,73.1,0.9,5/16/2022,24.5,Superhero RB,Elite QB/TE,25
42,RB,Kareem Hunt,CLE,8,95,99.1,-4.1,5/16/2022,24.5,Superhero RB,Elite QB/TE,25
42,RB,Devin Singletary,BUF,9,98,105.5,-7.5,5/16/2022,24.5,Superhero RB,Elite QB/TE,25
42,TE,Pat Freiermuth,PIT,10,119,121.7,-2.7,5/16/2022,24.5,Superhero RB,Elite QB/TE,25
42,WR,Kenny Golladay,NYG,11,122,121.3,0.7,5/16/2022,24.5,Superhero RB,Elite QB/TE,25
42,WR,Jarvis Landry,NO,12,143,141.1,1.9,5/16/2022,24.5,Superhero RB,Elite QB/TE,25
42,WR,George Pickens,PIT,13,146,143.6,2.4,5/16/2022,24.5,Superhero RB,Elite QB/TE,25
42,QB,Matt Ryan,IND,14,167,159,8,5/16/2022,24.5,Superhero RB,Elite QB/TE,25
42,WR,Alec Pierce,IND,15,170,164,6,5/16/2022,24.5,Superhero RB,Elite QB/TE,25
42,WR,Devin Duvernay,BAL,16,191,191,0,5/16/2022,24.5,Superhero RB,Elite QB/TE,25
42,WR,Julio Jones,,17,194,187.3,6.7,5/16/2022,24.5,Superhero RB,Elite QB/TE,25
42,RB,Kenyan Drake,LV,18,215,210.3,4.7,5/16/2022,24.5,Superhero RB,Elite QB/TE,25
43,RB,Jonathan Taylor,IND,1,2,1.1,0.9,5/16/2022,23.6,Superhero RB,Elite QB,25
43,WR,AJ Brown,TEN,2,23,23.8,-0.8,5/16/2022,23.6,Superhero RB,Elite QB,25
43,RB,Nick Chubb,CLE,3,26,21.3,4.7,5/16/2022,23.6,Superhero RB,Elite QB,25
43,WR,Jerry Jeudy,DEN,4,47,50.7,-3.7,5/16/2022,23.6,Superhero RB,Elite QB,25
43,QB,Lamar Jackson,BAL,5,50,43.8,6.2,5/16/2022,23.6,Superhero RB,Elite QB,25
43,WR,Amon-Ra St. Brown,DET,6,71,71.7,-0.7,5/16/2022,23.6,Superhero RB,Elite QB,25
43,TE,TJ Hockenson,DET,7,74,77.6,-3.6,5/16/2022,23.6,Superhero RB,Elite QB,25
43,WR,Christian Kirk,JAX,8,95,95.9,-0.9,5/16/2022,23.6,Superhero RB,Elite QB,25
43,TE,Dallas Goedert,PHI,9,98,91.3,6.7,5/16/2022,23.6,Superhero RB,Elite QB,25
43,RB,Dameon Pierce,HOU,10,119,122.1,-3.1,5/16/2022,23.6,Superhero RB,Elite QB,25
43,RB,Rhamondre Stevenson,NE,11,122,123.1,-1.1,5/16/2022,23.6,Superhero RB,Elite QB,25
43,QB,Justin Fields,CHI,12,143,132,11,5/16/2022,23.6,Superhero RB,Elite QB,25
43,WR,Jarvis Landry,NO,13,146,145.1,0.9,5/16/2022,23.6,Superhero RB,Elite QB,25
43,RB,Raheem Mostert,MIA,14,167,162.4,4.6,5/16/2022,23.6,Superhero RB,Elite QB,25
43,WR,Jalen Tolbert,DAL,15,170,176.1,-6.1,5/16/2022,23.6,Superhero RB,Elite QB,25
43,WR,John Metchie,HOU,16,191,182.4,8.6,5/16/2022,23.6,Superhero RB,Elite QB,25
43,WR,Devin Duvernay,BAL,17,194,194,0,5/16/2022,23.6,Superhero RB,Elite QB,25
43,WR,Tylan Wallace,BAL,18,215,215,0,5/16/2022,23.6,Superhero RB,Elite QB,25
44,TE,Travis Kelce,KC,1,12,12.6,-0.6,5/19/2022,-27.5,Anchor RB,Elite TE,25
44,RB,Joe Mixon,CIN,2,13,11.9,1.1,5/19/2022,-27.5,Anchor RB,Elite TE,25
44,WR,DJ Moore,CAR,3,36,36.7,-0.7,5/19/2022,-27.5,Anchor RB,Elite TE,25
44,WR,Diontae Johnson,PIT,4,37,37.6,-0.6,5/19/2022,-27.5,Anchor RB,Elite TE,25
44,WR,Gabriel Davis,BUF,5,60,56.2,3.8,5/19/2022,-27.5,Anchor RB,Elite TE,25
44,QB,Kyler Murray,AZ,6,61,59.4,1.6,5/19/2022,-27.5,Anchor RB,Elite TE,25
44,TE,TJ Hockenson,DET,7,84,77.7,6.3,5/19/2022,-27.5,Anchor RB,Elite TE,25
44,QB,Russell Wilson,DEN,8,85,75.8,9.2,5/19/2022,-27.5,Anchor RB,Elite TE,25
44,WR,Tyler Boyd,CIN,9,108,109.1,-1.1,5/19/2022,-27.5,Anchor RB,Elite TE,25
44,WR,Rondale Moore,AZ,10,109,114.5,-5.5,5/19/2022,-27.5,Anchor RB,Elite TE,25
44,RB,Tyler Allgeier,ATL,11,132,142.1,-10.1,5/19/2022,-27.5,Anchor RB,Elite TE,25
44,WR,Mecole Hardman,KC,12,133,130.4,2.6,5/19/2022,-27.5,Anchor RB,Elite TE,25
44,WR,KJ Hamler,DEN,13,156,156,0,5/19/2022,-27.5,Anchor RB,Elite TE,25
44,RB,Khalil Herbert,CHI,14,157,174.1,-17.1,5/19/2022,-27.5,Anchor RB,Elite TE,25
44,RB,Jamaal Williams,DET,15,180,198.3,-18.3,5/19/2022,-27.5,Anchor RB,Elite TE,25
44,RB,Brian Robinson,WAS,16,181,184,-3,5/19/2022,-27.5,Anchor RB,Elite TE,25
44,WR,Kendrick Bourne,NE,17,204,199.1,4.9,5/19/2022,-27.5,Anchor RB,Elite TE,25
44,WR,Velus Jones,CHI,18,205,205,0,5/19/2022,-27.5,Anchor RB,Elite TE,25
45,RB,Jonathan Taylor,IND,1,1,1.1,-0.1,5/20/2022,-8.7,Hyperfragile RB,Elite TE,25
45,RB,Nick Chubb,CLE,2,24,21.9,2.1,5/20/2022,-8.7,Hyperfragile RB,Elite TE,25
45,RB,Saquon Barkley,NYG,3,25,27.2,-2.2,5/20/2022,-8.7,Hyperfragile RB,Elite TE,25
45,TE,George Kittle,SF,4,48,45.8,2.2,5/20/2022,-8.7,Hyperfragile RB,Elite TE,25
45,WR,Amari Cooper,CLE,5,49,43.8,5.2,5/20/2022,-8.7,Hyperfragile RB,Elite TE,25
45,WR,Devonta Smith,PHI,6,72,73.9,-1.9,5/20/2022,-8.7,Hyperfragile RB,Elite TE,25
45,QB,Jalen Hurts,PHI,7,73,65.1,7.9,5/20/2022,-8.7,Hyperfragile RB,Elite TE,25
45,RB,Tony Pollard,DAL,8,96,91.2,4.8,5/20/2022,-8.7,Hyperfragile RB,Elite TE,25
45,QB,Trey Lance,SF,9,97,101.5,-4.5,5/20/2022,-8.7,Hyperfragile RB,Elite TE,25
45,WR,Kenny Golladay,NYG,10,120,121,-1,5/20/2022,-8.7,Hyperfragile RB,Elite TE,25
45,TE,Rob Gronkowski,TB,11,121,127.9,-6.9,5/20/2022,-8.7,Hyperfragile RB,Elite TE,25
45,WR,Jakobi Meyers,NE,12,144,136.3,7.7,5/20/2022,-8.7,Hyperfragile RB,Elite TE,25
45,WR,George Pickens,PIT,13,145,147.3,-2.3,5/20/2022,-8.7,Hyperfragile RB,Elite TE,25
45,WR,Curtis Samuel,WAS,14,168,177.1,-9.1,5/20/2022,-8.7,Hyperfragile RB,Elite TE,25
45,WR,KJ Hamler,DEN,15,169,179.6,-10.6,5/20/2022,-8.7,Hyperfragile RB,Elite TE,25
45,WR,Parris Campbell,IND,16,192,192,0,5/20/2022,-8.7,Hyperfragile RB,Elite TE,25
45,WR,Quez Watkins,PHI,17,193,193,0,5/20/2022,-8.7,Hyperfragile RB,Elite TE,25
45,WR,Danny Gray,SF,18,216,216,0,5/20/2022,-8.7,Hyperfragile RB,Elite TE,25
46,WR,Stefon Diggs,BUF,1,9,10,-1,5/20/2022,8.8,Superhero RB,Elite TE,25
46,RB,Dandre Swift,DET,2,16,17.3,-1.3,5/20/2022,8.8,Superhero RB,Elite TE,25
46,RB,Cam Akers,LAR,3,33,37,-4,5/20/2022,8.8,Superhero RB,Elite TE,25
46,TE,Darren Waller,LV,4,40,40.9,-0.9,5/20/2022,8.8,Superhero RB,Elite TE,25
46,WR,Jerry Jeudy,DEN,5,57,50,7,5/20/2022,8.8,Superhero RB,Elite TE,25
46,QB,Kyler Murray,AZ,6,64,59.3,4.7,5/20/2022,8.8,Superhero RB,Elite TE,25
46,WR,Devonta Smith,PHI,7,81,73.9,7.1,5/20/2022,8.8,Superhero RB,Elite TE,25
46,QB,Russell Wilson,DEN,8,88,75.9,12.1,5/20/2022,8.8,Superhero RB,Elite TE,25
46,WR,Tyler Boyd,CIN,9,105,112.1,-7.1,5/20/2022,8.8,Superhero RB,Elite TE,25
46,TE,Zach Ertz,AZ,10,112,110.3,1.7,5/20/2022,8.8,Superhero RB,Elite TE,25
46,WR,Mecole Hardman,KC,11,129,130.3,-1.3,5/20/2022,8.8,Superhero RB,Elite TE,25
46,RB,Tyler Allgeier,ATL,12,136,142.6,-6.6,5/20/2022,8.8,Superhero RB,Elite TE,25
46,WR,DJ Chark,DET,13,153,148.6,4.4,5/20/2022,8.8,Superhero RB,Elite TE,25
46,RB,Kenneth Gainwell,PHI,14,160,161.1,-1.1,5/20/2022,8.8,Superhero RB,Elite TE,25
46,WR,KJ Hamler,DEN,15,177,177,0,5/20/2022,8.8,Superhero RB,Elite TE,25
46,RB,JD Mckissic,WAS,16,184,188.9,-4.9,5/20/2022,8.8,Superhero RB,Elite TE,25
46,WR,Velus Jones,CHI,17,201,201,0,5/20/2022,8.8,Superhero RB,Elite TE,25
46,WR,Antoine Wesley,AZ,18,208,208,0,5/20/2022,8.8,Superhero RB,Elite TE,25
48,RB,Jonathan Taylor,IND,1,1,1.1,-0.1,5/23/2022,-3.3,Hyperfragile RB,Neither,25
48,RB,Saquon Barkley,NYG,2,24,26.7,-2.7,5/23/2022,-3.3,Hyperfragile RB,Neither,25
48,RB,Javonte Williams,DEN,3,25,23.5,1.5,5/23/2022,-3.3,Hyperfragile RB,Neither,25
48,WR,DK Metcalf,SEA,4,48,43,5,5/23/2022,-3.3,Hyperfragile RB,Neither,25
48,WR,Chris Godwin,TB,5,49,48.8,0.2,5/23/2022,-3.3,Hyperfragile RB,Neither,25
48,QB,Tom Brady,TB,6,72,74,-2,5/23/2022,-3.3,Hyperfragile RB,Neither,25
48,TE,TJ Hockenson,DET,7,73,78.1,-5.1,5/23/2022,-3.3,Hyperfragile RB,Neither,25
48,WR,Garrett Wilson,NYJ,8,96,95.7,0.3,5/23/2022,-3.3,Hyperfragile RB,Neither,25
48,RB,Tony Pollard,DAL,9,97,90.4,6.6,5/23/2022,-3.3,Hyperfragile RB,Neither,25
48,TE,Rob Gronkowski,TB,10,120,120.8,-0.8,5/23/2022,-3.3,Hyperfragile RB,Neither,25
48,QB,Justin Fields,CHI,11,121,127.6,-6.6,5/23/2022,-3.3,Hyperfragile RB,Neither,25
48,WR,George Pickens,PIT,12,144,143.7,0.3,5/23/2022,-3.3,Hyperfragile RB,Neither,25
48,WR,Jahan Dotson,WAS,13,145,148.2,-3.2,5/23/2022,-3.3,Hyperfragile RB,Neither,25
48,WR,Corey Davis,NYJ,14,168,156.8,11.2,5/23/2022,-3.3,Hyperfragile RB,Neither,25
48,WR,KJ Hamler,DEN,15,169,176.9,-7.9,5/23/2022,-3.3,Hyperfragile RB,Neither,25
48,WR,Velus Jones,CHI,16,192,192,0,5/23/2022,-3.3,Hyperfragile RB,Neither,25
48,WR,Parris Campbell,IND,17,193,193,0,5/23/2022,-3.3,Hyperfragile RB,Neither,25
48,WR,Terrace Marshall,CAR,18,216,216,0,5/23/2022,-3.3,Hyperfragile RB,Neither,25
49,RB,Najee Harris,PIT,1,7,8.2,-1.2,5/23/2022,27.5,Hyperfragile RB,Elite TE,25
49,RB,Dandre Swift,DET,2,18,17.3,0.7,5/23/2022,27.5,Hyperfragile RB,Elite TE,25
49,RB,Saquon Barkley,NYG,3,31,26.7,4.3,5/23/2022,27.5,Hyperfragile RB,Elite TE,25
49,TE,Darren Waller,LV,4,42,41,1,5/23/2022,27.5,Hyperfragile RB,Elite TE,25
49,WR,Terry Mclaurin,WAS,5,55,45.8,9.2,5/23/2022,27.5,Hyperfragile RB,Elite TE,25
49,QB,Jalen Hurts,PHI,6,66,64.9,1.1,5/23/2022,27.5,Hyperfragile RB,Elite TE,25
49,WR,Brandon Aiyuk,SF,7,79,84.4,-5.4,5/23/2022,27.5,Hyperfragile RB,Elite TE,25
49,WR,Chris Olave,NO,8,90,94.3,-4.3,5/23/2022,27.5,Hyperfragile RB,Elite TE,25
49,QB,Trey Lance,SF,9,103,101.7,1.3,5/23/2022,27.5,Hyperfragile RB,Elite TE,25
49,RB,Chase Edmonds,MIA,10,114,107.3,6.7,5/23/2022,27.5,Hyperfragile RB,Elite TE,25
49,TE,Mike Gesicki,MIA,11,127,126,1,5/23/2022,27.5,Hyperfragile RB,Elite TE,25
49,WR,Jakobi Meyers,NE,12,138,136.3,1.7,5/23/2022,27.5,Hyperfragile RB,Elite TE,25
49,WR,Jahan Dotson,WAS,13,151,143.7,7.3,5/23/2022,27.5,Hyperfragile RB,Elite TE,25
49,WR,Jalen Tolbert,DAL,14,162,161,1,5/23/2022,27.5,Hyperfragile RB,Elite TE,25
49,WR,Sammy Watkins,GB,15,175,171.9,3.1,5/23/2022,27.5,Hyperfragile RB,Elite TE,25
49,WR,Quez Watkins,PHI,16,186,186,0,5/23/2022,27.5,Hyperfragile RB,Elite TE,25
49,WR,Danny Gray,SF,17,199,199,0,5/23/2022,27.5,Hyperfragile RB,Elite TE,25
49,WR,Anthony Schwartz,CLE,18,210,210,0,5/23/2022,27.5,Hyperfragile RB,Elite TE,25
50,RB,Derrick Henry,TEN,1,8,6.1,1.9,5/23/2022,44.3,Hyperfragile RB,Elite QB,25
50,RB,Dandre Swift,DET,2,17,17.3,-0.3,5/23/2022,44.3,Hyperfragile RB,Elite QB,25
50,RB,Saquon Barkley,NYG,3,32,26.7,5.3,5/23/2022,44.3,Hyperfragile RB,Elite QB,25
50,WR,DJ Moore,CAR,4,41,37,4,5/23/2022,44.3,Hyperfragile RB,Elite QB,25
50,QB,Lamar Jackson,BAL,5,56,46.5,9.5,5/23/2022,44.3,Hyperfragile RB,Elite QB,25
50,WR,Darnell Mooney,CHI,6,65,65.5,-0.5,5/23/2022,44.3,Hyperfragile RB,Elite QB,25
50,QB,Dak Prescott,DAL,7,80,83.9,-3.9,5/23/2022,44.3,Hyperfragile RB,Elite QB,25
50,TE,Dallas Goedert,PHI,8,89,91.2,-2.2,5/23/2022,44.3,Hyperfragile RB,Elite QB,25
50,WR,Robert Woods,TEN,9,104,104.6,-0.6,5/23/2022,44.3,Hyperfragile RB,Elite QB,25
50,WR,Michael Gallup,DAL,10,113,108.2,4.8,5/23/2022,44.3,Hyperfragile RB,Elite QB,25
50,TE,Pat Freiermuth,PIT,11,128,121.1,6.9,5/23/2022,44.3,Hyperfragile RB,Elite QB,25
50,RB,Michael Carter,NYJ,12,137,138.4,-1.4,5/23/2022,44.3,Hyperfragile RB,Elite QB,25
50,WR,George Pickens,PIT,13,152,148.2,3.8,5/23/2022,44.3,Hyperfragile RB,Elite QB,25
50,WR,Jalen Tolbert,DAL,14,161,161.9,-0.9,5/23/2022,44.3,Hyperfragile RB,Elite QB,25
50,TE,Tyler Higbee,LAR,15,176,158.1,17.9,5/23/2022,44.3,Hyperfragile RB,Elite QB,25
50,WR,Devin Duvernay,BAL,16,185,185,0,5/23/2022,44.3,Hyperfragile RB,Elite QB,25
50,WR,Jaylen Guyton,LAC,17,200,200,0,5/23/2022,44.3,Hyperfragile RB,Elite QB,25
50,WR,James Proche,BAL,18,209,209,0,5/23/2022,44.3,Hyperfragile RB,Elite QB,25
51,RB,Jonathan Taylor,IND,1,1,1.1,-0.1,5/23/2022,3.4,Hyperfragile RB,Elite QB,25
51,RB,Alvin Kamara,NO,2,24,19.9,4.1,5/23/2022,3.4,Hyperfragile RB,Elite QB,25
51,RB,Saquon Barkley,NYG,3,25,26.7,-1.7,5/23/2022,3.4,Hyperfragile RB,Elite QB,25
51,WR,Jerry Jeudy,DEN,4,48,48.8,-0.8,5/23/2022,3.4,Hyperfragile RB,Elite QB,25
51,QB,Patrick Mahomes,KC,5,49,39.7,9.3,5/23/2022,3.4,Hyperfragile RB,Elite QB,25
51,TE,TJ Hockenson,DET,6,72,78.1,-6.1,5/23/2022,3.4,Hyperfragile RB,Elite QB,25
51,QB,Jalen Hurts,PHI,7,73,64.9,8.1,5/23/2022,3.4,Hyperfragile RB,Elite QB,25
51,WR,Christian Kirk,JAX,8,96,94.6,1.4,5/23/2022,3.4,Hyperfragile RB,Elite QB,25
51,WR,Marquez Valdes-Scantling,KC,9,97,106.4,-9.4,5/23/2022,3.4,Hyperfragile RB,Elite QB,25
51,WR,Kenny Golladay,NYG,10,120,120.6,-0.6,5/23/2022,3.4,Hyperfragile RB,Elite QB,25
51,WR,Mecole Hardman,KC,11,121,127.9,-6.9,5/23/2022,3.4,Hyperfragile RB,Elite QB,25
51,TE,Robert Tonyan,GB,12,144,132.9,11.1,5/23/2022,3.4,Hyperfragile RB,Elite QB,25
51,TE,Irv Smith,MIN,13,145,139.8,5.2,5/23/2022,3.4,Hyperfragile RB,Elite QB,25
51,RB,Khalil Herbert,CHI,14,168,170.3,-2.3,5/23/2022,3.4,Hyperfragile RB,Elite QB,25
51,WR,KJ Hamler,DEN,15,169,176.9,-7.9,5/23/2022,3.4,Hyperfragile RB,Elite QB,25
51,WR,Nico Collins,HOU,16,192,192,0,5/23/2022,3.4,Hyperfragile RB,Elite QB,25
51,WR,Romeo Doubs,GB,17,193,193,0,5/23/2022,3.4,Hyperfragile RB,Elite QB,25
51,WR,Quez Watkins,PHI,18,216,216,0,5/23/2022,3.4,Hyperfragile RB,Elite QB,25
52,WR,Stefon Diggs,BUF,1,6,9.6,-3.6,5/24/2022,24.2,Modified Anchor RB,Elite QB,25
52,WR,Tee Higgins,CIN,2,19,26,-7,5/24/2022,24.2,Modified Anchor RB,Elite QB,25
52,QB,Josh Allen,BUF,3,30,26.8,3.2,5/24/2022,24.2,Modified Anchor RB,Elite QB,25
52,WR,Diontae Johnson,PIT,4,43,38.7,4.3,5/24/2022,24.2,Modified Anchor RB,Elite QB,25
52,RB,JK Dobbins,BAL,5,54,51.8,2.2,5/24/2022,24.2,Modified Anchor RB,Elite QB,25
52,WR,Elijah Moore,NYJ,6,67,69,-2,5/24/2022,24.2,Modified Anchor RB,Elite QB,25
52,WR,Devonta Smith,PHI,7,78,74.3,3.7,5/24/2022,24.2,Modified Anchor RB,Elite QB,25
52,TE,Dawson Knox,BUF,8,91,98,-7,5/24/2022,24.2,Modified Anchor RB,Elite QB,25
52,RB,Devin Singletary,BUF,9,102,104.7,-2.7,5/24/2022,24.2,Modified Anchor RB,Elite QB,25
52,WR,Tyler Boyd,CIN,10,115,114.9,0.1,5/24/2022,24.2,Modified Anchor RB,Elite QB,25
52,RB,Rhamondre Stevenson,NE,11,126,123.5,2.5,5/24/2022,24.2,Modified Anchor RB,Elite QB,25
52,RB,Michael Carter,NYJ,12,139,138.8,0.2,5/24/2022,24.2,Modified Anchor RB,Elite QB,25
52,TE,Hunter Henry,NE,13,150,147.8,2.2,5/24/2022,24.2,Modified Anchor RB,Elite QB,25
52,WR,Jamison Crowder,BUF,14,163,140.3,22.7,5/24/2022,24.2,Modified Anchor RB,Elite QB,25
52,RB,Raheem Mostert,MIA,15,174,168.6,5.4,5/24/2022,24.2,Modified Anchor RB,Elite QB,25
52,QB,Kenny Pickett,PIT,16,187,187,0,5/24/2022,24.2,Modified Anchor RB,Elite QB,25
52,TE,Brevin Jordan,HOU,17,198,198,0,5/24/2022,24.2,Modified Anchor RB,Elite QB,25
52,RB,Chris Evans,CIN,18,211,211,0,5/24/2022,24.2,Modified Anchor RB,Elite QB,25
53,RB,Christian Mccaffrey,CAR,1,2,3.2,-1.2,5/24/2022,6.9,Superhero RB,Neither,25
53,WR,Tyreek Hill,MIA,2,23,21.2,1.8,5/24/2022,6.9,Superhero RB,Neither,25
53,RB,Saquon Barkley,NYG,3,26,26.8,-0.8,5/24/2022,6.9,Superhero RB,Neither,25
53,WR,Jerry Jeudy,DEN,4,47,48.7,-1.7,5/24/2022,6.9,Superhero RB,Neither,25
53,WR,DK Metcalf,SEA,5,50,43,7,5/24/2022,6.9,Superhero RB,Neither,25
53,WR,Elijah Moore,NYJ,6,71,69,2,5/24/2022,6.9,Superhero RB,Neither,25
53,QB,Russell Wilson,DEN,7,74,76.7,-2.7,5/24/2022,6.9,Superhero RB,Neither,25
53,TE,Dallas Goedert,PHI,8,95,92.9,2.1,5/24/2022,6.9,Superhero RB,Neither,25
53,WR,Marquez Valdes-Scantling,KC,9,98,105.1,-7.1,5/24/2022,6.9,Superhero RB,Neither,25
53,QB,Kirk Cousins,MIN,10,119,120.8,-1.8,5/24/2022,6.9,Superhero RB,Neither,25
53,RB,Rhamondre Stevenson,NE,11,122,121.3,0.7,5/24/2022,6.9,Superhero RB,Neither,25
53,TE,Irv Smith,MIN,12,143,140.1,2.9,5/24/2022,6.9,Superhero RB,Neither,25
53,TE,Albert Okwuegbunam,DEN,13,146,139.7,6.3,5/24/2022,6.9,Superhero RB,Neither,25
53,RB,Tyrion Davis-Price,SF,14,167,167.1,-0.1,5/24/2022,6.9,Superhero RB,Neither,25
53,WR,KJ Hamler,DEN,15,170,170.5,-0.5,5/24/2022,6.9,Superhero RB,Neither,25
53,WR,Romeo Doubs,GB,16,191,191,0,5/24/2022,6.9,Superhero RB,Neither,25
53,WR,Ihmir Smith-Marsette,MIN,17,194,194,0,5/24/2022,6.9,Superhero RB,Neither,25
53,RB,Dernest Johnson,CLE,18,215,215,0,5/24/2022,6.9,Superhero RB,Neither,25
54,RB,Dalvin Cook,MIN,1,11,10.4,0.6,5/26/2022,35.9,Hyperfragile RB,Neither,25
54,RB,Joe Mixon,CIN,2,14,11.9,2.1,5/26/2022,35.9,Hyperfragile RB,Neither,25
54,RB,Cam Akers,LAR,3,35,36.9,-1.9,5/26/2022,35.9,Hyperfragile RB,Neither,25
54,WR,Diontae Johnson,PIT,4,38,38.1,-0.1,5/26/2022,35.9,Hyperfragile RB,Neither,25
54,WR,JuJu Smith-Schuster,KC,5,59,56.2,2.8,5/26/2022,35.9,Hyperfragile RB,Neither,25
54,QB,Jalen Hurts,PHI,6,62,65.3,-3.3,5/26/2022,35.9,Hyperfragile RB,Neither,25
54,TE,Dalton Schultz,DAL,7,83,77.1,5.9,5/26/2022,35.9,Hyperfragile RB,Neither,25
54,QB,Dak Prescott,DAL,8,86,84.6,1.4,5/26/2022,35.9,Hyperfragile RB,Neither,25
54,WR,Allen Lazard,GB,9,107,102.7,4.3,5/26/2022,35.9,Hyperfragile RB,Neither,25
54,WR,Michael Gallup,DAL,10,110,108.3,1.7,5/26/2022,35.9,Hyperfragile RB,Neither,25
54,RB,Rachaad White,TB,11,131,130.8,0.2,5/26/2022,35.9,Hyperfragile RB,Neither,25
54,WR,Jamison Crowder,BUF,12,134,134.3,-0.3,5/26/2022,35.9,Hyperfragile RB,Neither,25
54,TE,Robert Tonyan,GB,13,155,133.2,21.8,5/26/2022,35.9,Hyperfragile RB,Neither,25
54,RB,Kenneth Gainwell,PHI,14,158,160.1,-2.1,5/26/2022,35.9,Hyperfragile RB,Neither,25
54,WR,KJ Hamler,DEN,15,179,176.2,2.8,5/26/2022,35.9,Hyperfragile RB,Neither,25
54,TE,Taysom Hill,NO,16,182,182,0,5/26/2022,35.9,Hyperfragile RB,Neither,25
54,WR,James Washington,DAL,17,203,203,0,5/26/2022,35.9,Hyperfragile RB,Neither,25
54,WR,Quez Watkins,PHI,18,206,206,0,5/26/2022,35.9,Hyperfragile RB,Neither,25
55,WR,Jamar Chase,CIN,1,6,5.3,0.7,5/26/2022,28.6,Zero RB,Elite QB,25
55,WR,Mike Evans,TB,2,19,19.4,-0.4,5/26/2022,28.6,Zero RB,Elite QB,25
55,QB,Josh Allen,BUF,3,30,27.6,2.4,5/26/2022,28.6,Zero RB,Elite QB,25
55,WR,Diontae Johnson,PIT,4,43,38.1,4.9,5/26/2022,28.6,Zero RB,Elite QB,25
55,WR,Gabriel Davis,BUF,5,54,55,-1,5/26/2022,28.6,Zero RB,Elite QB,25
55,RB,Elijah Mitchell,SF,6,67,66.8,0.2,5/26/2022,28.6,Zero RB,Elite QB,25
55,RB,Miles Sanders,PHI,7,78,78.2,-0.2,5/26/2022,28.6,Zero RB,Elite QB,25
55,TE,Dawson Knox,BUF,8,91,98,-7,5/26/2022,28.6,Zero RB,Elite QB,25
55,WR,Garrett Wilson,NYJ,9,102,96.7,5.3,5/26/2022,28.6,Zero RB,Elite QB,25
55,WR,Chase Claypool,PIT,10,115,109.9,5.1,5/26/2022,28.6,Zero RB,Elite QB,25
55,RB,Ronald Jones,KC,11,126,125.9,0.1,5/26/2022,28.6,Zero RB,Elite QB,25
55,TE,Robert Tonyan,GB,12,139,133.2,5.8,5/26/2022,28.6,Zero RB,Elite QB,25
55,TE,Albert Okwuegbunam,DEN,13,150,140.2,9.8,5/26/2022,28.6,Zero RB,Elite QB,25
55,RB,Kenneth Gainwell,PHI,14,163,160.1,2.9,5/26/2022,28.6,Zero RB,Elite QB,25
55,RB,Jamaal Williams,DET,15,174,174,0,5/26/2022,28.6,Zero RB,Elite QB,25
55,RB,Brian Robinson,WAS,16,187,187,0,5/26/2022,28.6,Zero RB,Elite QB,25
55,QB,Kenny Pickett,PIT,17,198,198,0,5/26/2022,28.6,Zero RB,Elite QB,25
55,WR,Khalil Shakir,BUF,18,211,211,0,5/26/2022,28.6,Zero RB,Elite QB,25
56,WR,Cooper Kupp,LAR,1,2,2.7,-0.7,6/16/2022,77,Zero RB,Elite TE,25
56,WR,Tyreek Hill,MIA,2,23,21.2,1.8,6/16/2022,77,Zero RB,Elite TE,25
56,WR,Mike Williams,LAC,3,26,29.1,-3.1,6/16/2022,77,Zero RB,Elite TE,25
56,TE,George Kittle,SF,4,47,49.7,-2.7,6/16/2022,77,Zero RB,Elite TE,25
56,WR,Diontae Johnson,PIT,5,50,40.4,9.6,6/16/2022,77,Zero RB,Elite TE,25
56,WR,Drake London,ATL,6,71,67.9,3.1,6/16/2022,77,Zero RB,Elite TE,25
56,WR,Treylon Burks,TEN,7,74,76.2,-2.2,6/16/2022,77,Zero RB,Elite TE,25
56,QB,Trey Lance,SF,8,95,90.2,4.8,6/16/2022,77,Zero RB,Elite TE,25
56,QB,Matthew Stafford,LAR,9,98,94,4,6/16/2022,77,Zero RB,Elite TE,25
56,RB,Cordarrelle Patterson,ATL,10,119,94.7,24.3,6/16/2022,77,Zero RB,Elite TE,25
56,RB,Chase Edmonds,MIA,11,122,111.8,10.2,6/16/2022,77,Zero RB,Elite TE,25
56,RB,Kenneth Gainwell,PHI,12,143,158.3,-15.3,6/16/2022,77,Zero RB,Elite TE,25
56,RB,Khalil Herbert,CHI,13,146,146,0,6/16/2022,77,Zero RB,Elite TE,25
56,TE,Tyler Higbee,LAR,14,167,166.3,0.7,6/16/2022,77,Zero RB,Elite TE,25
56,RB,Jamaal Williams,DET,15,170,167.9,2.1,6/16/2022,77,Zero RB,Elite TE,25
56,RB,Donta Foreman,CAR,16,191,191,0,6/16/2022,77,Zero RB,Elite TE,25
56,RB,Zamir White,LV,17,194,194,0,6/16/2022,77,Zero RB,Elite TE,25
56,TE,Noah Fant,SEA,18,215,174.6,40.4,6/16/2022,77,Zero RB,Elite TE,25
57,WR,Jamar Chase,CIN,1,5,5.1,-0.1,6/16/2022,34.9,Modified Hyperfragile,Neither,25
57,RB,Saquon Barkley,NYG,2,20,23.4,-3.4,6/16/2022,34.9,Modified Hyperfragile,Neither,25
57,RB,Leonard Fournette,TB,3,29,22.9,6.1,6/16/2022,34.9,Modified Hyperfragile,Neither,25
57,WR,Gabriel Davis,BUF,4,44,50.6,-6.6,6/16/2022,34.9,Modified Hyperfragile,Neither,25
57,RB,Breece Hall,NYJ,5,53,48.5,4.5,6/16/2022,34.9,Modified Hyperfragile,Neither,25
57,QB,Joe Burrow,CIN,6,68,69.1,-1.1,6/16/2022,34.9,Modified Hyperfragile,Neither,25
57,WR,Brandon Aiyuk,SF,7,77,80.2,-3.2,6/16/2022,34.9,Modified Hyperfragile,Neither,25
57,TE,TJ Hockenson,DET,8,92,84.8,7.2,6/16/2022,34.9,Modified Hyperfragile,Neither,25
57,WR,Tyler Boyd,CIN,9,101,109.3,-8.3,6/16/2022,34.9,Modified Hyperfragile,Neither,25
57,RB,Devin Singletary,BUF,10,116,106.3,9.7,6/16/2022,34.9,Modified Hyperfragile,Neither,25
57,WR,Jameson Williams,DET,11,125,121.1,3.9,6/16/2022,34.9,Modified Hyperfragile,Neither,25
57,TE,Irv Smith,MIN,12,140,139.7,0.3,6/16/2022,34.9,Modified Hyperfragile,Neither,25
57,TE,Mike Gesicki,MIA,13,149,132.6,16.4,6/16/2022,34.9,Modified Hyperfragile,Neither,25
57,WR,Corey Davis,NYJ,14,164,155.4,8.6,6/16/2022,34.9,Modified Hyperfragile,Neither,25
57,QB,Zach Wilson,NYJ,15,173,172.1,0.9,6/16/2022,34.9,Modified Hyperfragile,Neither,25
57,WR,Parris Campbell,IND,16,188,188,0,6/16/2022,34.9,Modified Hyperfragile,Neither,25
57,WR,Romeo Doubs,GB,17,197,197,0,6/16/2022,34.9,Modified Hyperfragile,Neither,25
57,WR,Zay Jones,JAX,18,212,212,0,6/16/2022,34.9,Modified Hyperfragile,Neither,25
58,RB,Najee Harris,PIT,1,9,9.3,-0.3,6/17/2022,69.9,Anchor RB,Elite QB,25
58,WR,Ceedee Lamb,DAL,2,16,13.2,2.8,6/17/2022,69.9,Anchor RB,Elite QB,25
58,WR,Keenan Allen,LAC,3,33,27.8,5.2,6/17/2022,69.9,Anchor RB,Elite QB,25
58,QB,Justin Herbert,LAC,4,40,44.9,-4.9,6/17/2022,69.9,Anchor RB,Elite QB,25
58,WR,Darnell Mooney,CHI,5,57,59.6,-2.6,6/17/2022,69.9,Anchor RB,Elite QB,25
58,WR,Drake London,ATL,6,64,68.1,-4.1,6/17/2022,69.9,Anchor RB,Elite QB,25
58,WR,Treylon Burks,TEN,7,81,76.7,4.3,6/17/2022,69.9,Anchor RB,Elite QB,25
58,TE,Dalton Schultz,DAL,8,88,69.9,18.1,6/17/2022,69.9,Anchor RB,Elite QB,25
58,TE,Dawson Knox,BUF,9,105,101.7,3.3,6/17/2022,69.9,Anchor RB,Elite QB,25
58,RB,Melvin Gordon,DEN,10,112,108.1,3.9,6/17/2022,69.9,Anchor RB,Elite QB,25
58,WR,Jameson Williams,DET,11,129,121.3,7.7,6/17/2022,69.9,Anchor RB,Elite QB,25
58,RB,Rachaad White,TB,12,136,131.3,4.7,6/17/2022,69.9,Anchor RB,Elite QB,25
58,RB,Isaiah Spiller,LAC,13,153,137.9,15.1,6/17/2022,69.9,Anchor RB,Elite QB,25
58,RB,Michael Carter,NYJ,14,160,143.3,16.7,6/17/2022,69.9,Anchor RB,Elite QB,25
58,QB,Ryan Tannehill,TEN,15,177,177,0,6/17/2022,69.9,Anchor RB,Elite QB,25
58,WR,Julio Jones,,16,184,184,0,6/17/2022,69.9,Anchor RB,Elite QB,25
58,WR,Jaylen Guyton,LAC,17,201,201,0,6/17/2022,69.9,Anchor RB,Elite QB,25
58,WR,Tutu Atwell,LAR,18,208,208,0,6/17/2022,69.9,Anchor RB,Elite QB,25
59,RB,Austin Ekeler,LAC,1,6,6.4,-0.4,6/17/2022,19.6,Hyperfragile RB,Neither,25
59,RB,Dandre Swift,DET,2,19,16,3,6/17/2022,19.6,Hyperfragile RB,Neither,25
59,RB,Saquon Barkley,NYG,3,30,22.9,7.1,6/17/2022,19.6,Hyperfragile RB,Neither,25
59,WR,Jaylen Waddle,MIA,4,43,35.4,7.6,6/17/2022,19.6,Hyperfragile RB,Neither,25
59,WR,Jerry Jeudy,DEN,5,54,42.9,11.1,6/17/2022,19.6,Hyperfragile RB,Neither,25
59,WR,Amon-Ra St. Brown,DET,6,67,68,-1,6/17/2022,19.6,Hyperfragile RB,Neither,25
59,QB,Russell Wilson,DEN,7,78,77.9,0.1,6/17/2022,19.6,Hyperfragile RB,Neither,25
59,WR,Kadarius Toney,NYG,8,91,94,-3,6/17/2022,19.6,Hyperfragile RB,Neither,25
59,WR,Garrett Wilson,NYJ,9,102,102,0,6/17/2022,19.6,Hyperfragile RB,Neither,25
59,WR,Tim Patrick,DEN,10,115,121.7,-6.7,6/17/2022,19.6,Hyperfragile RB,Neither,25
59,WR,Mecole Hardman,KC,11,126,127.7,-1.7,6/17/2022,19.6,Hyperfragile RB,Neither,25
59,QB,Tua Tagovailoa,MIA,12,139,134.9,4.1,6/17/2022,19.6,Hyperfragile RB,Neither,25
59,TE,Hunter Henry,NE,13,150,152.9,-2.9,6/17/2022,19.6,Hyperfragile RB,Neither,25
59,QB,Daniel Jones,NYG,14,163,162.6,0.4,6/17/2022,19.6,Hyperfragile RB,Neither,25
59,TE,Noah Fant,SEA,15,174,172.1,1.9,6/17/2022,19.6,Hyperfragile RB,Neither,25
59,RB,Jerick Mckinnon,KC,16,187,187,0,6/17/2022,19.6,Hyperfragile RB,Neither,25
59,WR,Cedrick Wilson,MIA,17,198,198,0,6/17/2022,19.6,Hyperfragile RB,Neither,25
59,TE,Greg Dulcich,DEN,18,211,211,0,6/17/2022,19.6,Hyperfragile RB,Neither,25
60,RB,Jonathan Taylor,IND,1,1,1.2,-0.2,6/22/2022,29.1,Superhero RB,Elite TE,25
60,RB,Leonard Fournette,TB,2,24,23.1,0.9,6/22/2022,29.1,Superhero RB,Elite TE,25
60,WR,Tee Higgins,CIN,3,25,24,1,6/22/2022,29.1,Superhero RB,Elite TE,25
60,TE,George Kittle,SF,4,48,49.8,-1.8,6/22/2022,29.1,Superhero RB,Elite TE,25
60,WR,Gabriel Davis,BUF,5,49,49.6,-0.6,6/22/2022,29.1,Superhero RB,Elite TE,25
60,WR,Drake London,ATL,6,72,69.2,2.8,6/22/2022,29.1,Superhero RB,Elite TE,25
60,WR,Treylon Burks,TEN,7,73,78.6,-5.6,6/22/2022,29.1,Superhero RB,Elite TE,25
60,QB,Trey Lance,SF,8,96,89.1,6.9,6/22/2022,29.1,Superhero RB,Elite TE,25
60,WR,Marquez Valdes-Scantling,KC,9,97,95.5,1.5,6/22/2022,29.1,Superhero RB,Elite TE,25
60,WR,Rondale Moore,AZ,10,120,118.8,1.2,6/22/2022,29.1,Superhero RB,Elite TE,25
60,WR,Kenny Golladay,NYG,11,121,121.1,-0.1,6/22/2022,29.1,Superhero RB,Elite TE,25
60,RB,Darrell Henderson,LAR,12,144,140.2,3.8,6/22/2022,29.1,Superhero RB,Elite TE,25
60,RB,Michael Carter,NYJ,13,145,144.3,0.7,6/22/2022,29.1,Superhero RB,Elite TE,25
60,TE,Noah Fant,SEA,14,168,172,-4,6/22/2022,29.1,Superhero RB,Elite TE,25
60,RB,Darrel Williams,AZ,15,169,157.5,11.5,6/22/2022,29.1,Superhero RB,Elite TE,25
60,QB,Ryan Tannehill,TEN,16,192,182.8,9.2,6/22/2022,29.1,Superhero RB,Elite TE,25
60,WR,Julio Jones,,17,193,191.2,1.8,6/22/2022,29.1,Superhero RB,Elite TE,25
60,QB,Malik Willis,TEN,18,216,215.9,0.1,6/22/2022,29.1,Superhero RB,Elite TE,25
