"Name","Position","Team","ADP","ETR Rank","Delta","ETR Pos Rank","ADP Pos Rank","id","Estimated Ownership"
"Ja'Marr Chase","WR","CIN","1.1","1","0.1","WR01","WR01","b24eb93f-72bd-4c23-bed6-807d542bab65","100.0%"
"Saquon Barkley","RB","PHI","4.3","2","2.3","RB01","RB02","1dad2b6f-6089-4844-8319-6f1eb23b5003","100.0%"
"Bijan Robinson","RB","ATL","2.6","3","-0.4","RB02","RB01","b42031b0-6abb-4621-90c0-e3f8041f6c9d","100.0%"
"CeeDee Lamb","WR","DAL","4.4","4","0.4","WR02","WR03","1b76bd49-ac28-457e-96a6-4b2135c9ff73","100.0%"
"Justin Jefferson","WR","MIN","3.8","5","-1.2","WR03","WR02","fb2b25a4-b791-4ef0-bc45-41099b503a69","100.0%"
"Jahmyr Gibbs","RB","DET","5.4","6","-0.6","RB03","RB03","0ec23474-d4b8-4dcd-9157-b6de1fb8ff84","100.0%"
"Christian McCaffrey","RB","SF","7.5","7","0.5","RB04","RB04","baefa551-0611-4836-b43a-1d6c105211b7","100.0%"
"Amon-Ra St. Brown","WR","DET","11.6","8","3.6","WR04","WR07","3ee87ad4-537e-46ac-8cf4-d2bf5f8540ed","100.0%"
"Nico Collins","WR","HOU","10.0","9","1.0","WR05","WR06","13c991e1-747d-4cbd-9bdb-a5e017bdb77b","100.0%"
"Malik Nabers","WR","NYG","9.4","10","-0.6","WR06","WR05","c2ff3b1f-dbc0-4314-986a-3a2c1dc5bf50","100.0%"
"Puka Nacua","WR","LA","8.3","11","-2.7","WR07","WR04","827b3a04-55f4-4c0e-940f-62be3233dd15","100.0%"
"Ashton Jeanty","RB","LV","12.5","12","0.5","RB05","RB05","8f217c44-cc37-44a8-84f9-d82cd3fe91ff","100.0%"
"Brian Thomas Jr.","WR","JAX","13.0","13","0.0","WR08","WR08","6d89c0c5-4756-43ab-b80f-70fc83e5efa8","100.0%"
"Derrick Henry","RB","BAL","14.5","14","0.5","RB06","RB07","9b791eb1-eb3f-4216-87c5-a381fd694aff","100.0%"
"A.J. Brown","WR","PHI","17.2","15","2.2","WR09","WR10","2eb19695-162b-4d6f-970d-266b3513ddbd","100.0%"
"De'Von Achane","RB","MIA","13.6","16","-2.4","RB07","RB06","9a97b0b2-fda2-4d87-8392-50b32ea6fcd3","100.0%"
"Drake London","WR","ATL","15.9","17","-1.1","WR10","WR09","0fd6a099-0696-4aeb-b7c8-bf3c5280db0f","100.0%"
"Ladd McConkey","WR","LAC","18.4","18","0.4","WR11","WR11","f41070b3-c28d-4cff-afb4-6bae844edabf","100.0%"
"Brock Bowers","TE","LV","19.1","19","0.1","TE01","TE01","d98df6de-a814-477a-bd9b-b6a747f32ab4","100.0%"
"Tyreek Hill","WR","MIA","21.3","20","1.3","WR12","WR12","d8aca1d5-8318-4ada-9cf1-18ef1b60b464","100.0%"
"Chase Brown","RB","CIN","25.1","21","4.1","RB08","RB11","221733f8-7235-4b9e-a2cd-45dad292e33b","100.0%"
"Bucky Irving","RB","TB","22.2","22","0.2","RB09","RB09","1bc16f8e-964e-4946-b3da-bd7b7fe8731e","100.0%"
"Josh Jacobs","RB","GB","24.7","23","1.7","RB10","RB10","9ecd270d-e314-466e-8cff-126385d8a9e9","100.0%"
"Jonathan Taylor","RB","IND","20.9","24","-3.1","RB11","RB08","a93a8358-f3eb-4a07-9a85-a13a0b2427a2","100.0%"
"Tee Higgins","WR","CIN","24.6","25","-0.4","WR13","WR13","43973f1b-ff52-44cd-a5d1-43426587f368","100.0%"
"Trey McBride","TE","ARI","26.6","26","0.6","TE02","TE02","d6c8b5b5-c01a-43d4-84b5-cbad5e4a7f21","100.0%"
"Breece Hall","RB","NYJ","33.8","27","6.8","RB12","RB12","0f31f57a-5461-4802-811e-f84fde65f9b5","100.0%"
"Mike Evans","WR","TB","37.3","28","9.3","WR14","WR20","c72e9110-c8be-4bcf-a567-d78c9f3073d1","100.0%"
"Omarion Hampton","RB","LAC","34.8","29","5.8","RB13","RB13","fd373123-6fc9-4e2c-829c-9879ae96caea","100.0%"
"Marvin Harrison Jr.","WR","ARI","27.5","30","-2.5","WR15","WR14","799eb40c-a66a-4fd8-a8e3-186fc3f20ccb","100.0%"
"Xavier Worthy","WR","KC","41.6","31","10.6","WR16","WR21","4122e07d-fe79-4816-9292-4f6a94b00cbc","100.0%"
"Josh Allen","QB","BUF","30.7","32","-1.3","QB01","QB01","0467ab97-0708-4a95-88ef-124455ac4ac1","100.0%"
"Davante Adams","WR","LA","29.5","33","-3.5","WR17","WR16","3bca74ae-aea9-4b96-9cfa-ba6320a9dca6","100.0%"
"Lamar Jackson","QB","BAL","32.0","34","-2.0","QB02","QB02","c3c29d05-6c66-4726-b2b3-01f5323a8087","100.0%"
"Jaxon Smith-Njigba","WR","SEA","32.6","35","-2.4","WR18","WR17","e92d0ab0-3f60-456a-a57f-b689b8107c7a","100.0%"
"Terry McLaurin","WR","WAS","35.8","36","-0.2","WR19","WR18","bdbd91c4-8792-4056-a4b1-dabc074aa580","100.0%"
"Garrett Wilson","WR","NYJ","28.7","37","-8.3","WR20","WR15","146fb59c-b8ff-414a-86a7-3c2e612a81c0","100.0%"
"Kyren Williams","RB","LA","34.8","38","-3.2","RB14","RB13","48699f93-77e6-48ee-93cc-df880846796f","100.0%"
"Tet McMillan","WR","CAR","41.9","39","2.9","WR21","WR22","c00d3668-c5ca-41be-bbb3-30e421920276","100.0%"
"James Cook","RB","BUF","43.7","40","3.7","RB15","RB15","cf7f210d-aa77-4481-a6ce-def8eb13c4a7","100.0%"
"DJ Moore","WR","CHI","43.4","41","2.4","WR22","WR23","47f49002-0e7d-4f51-9a15-525ef6397fde","100.0%"
"George Kittle","TE","SF","38.9","42","-3.1","TE03","TE03","6d78912a-4699-4228-9e18-621c213202a7","100.0%"
"Jayden Daniels","QB","WAS","39.0","43","-4.0","QB03","QB03","09d74295-61f2-4824-b49b-f1c677be0763","100.0%"
"Jameson Williams","WR","DET","46.9","44","2.9","WR23","WR25","c3a3bd66-d55d-44f7-98f6-78450678fa87","100.0%"
"George Pickens","WR","DAL","47.5","45","2.5","WR24","WR26","7db4138f-109b-4b32-8c1b-cd51a4c12d1f","100.0%"
"Courtland Sutton","WR","DEN","49.1","46","3.1","WR25","WR27","7601e2e8-add1-4c8c-b169-b63a49fdf57b","100.0%"
"Devonta Smith","WR","PHI","50.5","47","3.5","WR26","WR28","4bb0512e-9cfd-430d-9742-1fff9f043b18","100.0%"
"DK Metcalf","WR","PIT","46.0","48","-2.0","WR27","WR24","30669c4d-f918-49b2-9f5b-8bd47016d097","100.0%"
"Zay Flowers","WR","BAL","54.5","49","5.5","WR28","WR30","655f249b-461d-426c-97c7-efc20870c660","100.0%"
"Jalen Hurts","QB","PHI","44.5","50","-5.5","QB04","QB04","a547b04a-38e6-435e-9f9d-81a34e7aac6c","100.0%"
"Jaylen Waddle","WR","MIA","53.4","51","2.4","WR29","WR29","506c6382-05b9-4090-ada6-aa977ab6afca","100.0%"
"Kenneth Walker III","RB","SEA","49.8","52","-2.2","RB16","RB16","ffbb0124-5050-4795-b305-591cb44a8490","100.0%"
"Calvin Ridley","WR","TEN","54.9","53","1.9","WR30","WR31","2c4e3e6e-667c-44c3-8083-bfd11b1fd7a8","100.0%"
"Travis Hunter","WR","JAX","55.8","54","1.8","WR31","WR32","d8c923f8-3ccf-49c2-895a-c58ad280c088","100.0%"
"Rashee Rice","WR","KC","36.1","55","-18.9","WR32","WR19","f1e0fe78-af51-4e41-9f58-a8146a69c5a9","100.0%"
"Chuba Hubbard","RB","CAR","52.4","56","-3.6","RB17","RB17","a8c3cb2b-7728-4ee0-8f89-f218e5e0c409","100.0%"
"Chris Olave","WR","NO","63.4","57","6.4","WR33","WR34","1b2c7c20-e458-454d-be39-7aaebabf1e30","100.0%"
"TreVeyon Henderson","RB","NE","62.3","58","4.3","RB18","RB21","e04ddd15-a5ab-41e8-82b2-3dfc90a2c893","100.0%"
"James Conner","RB","ARI","59.4","59","0.4","RB19","RB19","c43f5ce9-2f01-49df-83cb-c198ca9c49c8","100.0%"
"Alvin Kamara","RB","NO","56.2","60","-3.8","RB20","RB18","d2928ec9-ae89-4894-aded-09b6602cf28e","100.0%"
"Rome Odunze","WR","CHI","60.2","61","-0.8","WR34","WR33","be004901-0a0f-41cd-ab83-c0d8d7ad916d","100.0%"
"RJ Harvey","RB","DEN","62.1","62","0.1","RB21","RB20","fbc4cce8-3964-402c-a0a6-dbe13b5ebd86","100.0%"
"Jerry Jeudy","WR","CLE","69.3","63","6.3","WR35","WR38","c34084aa-c044-4695-81ee-6328f98c591c","100.0%"
"Jauan Jennings","WR","SF","63.6","64","-0.4","WR36","WR35","2d542871-3989-447d-89e6-9dcfbd6894e6","100.0%"
"Jakobi Meyers","WR","LV","71.3","65","6.3","WR37","WR39","6d09867d-203b-4d91-975c-128125e7cf89","100.0%"
"David Montgomery","RB","DET","71.9","66","5.9","RB22","RB25","e4bcd565-12d4-4b4c-91b1-1b72541b24e2","100.0%"
"Deebo Samuel","WR","WAS","69.0","67","2.0","WR38","WR37","533aaf00-6105-4dc7-9e32-ee6e0e78a66a","100.0%"
"Joe Burrow","QB","CIN","61.2","68","-6.8","QB05","QB05","08681b3b-8775-4637-84fa-e23da96e59f6","100.0%"
"Sam LaPorta","TE","DET","74.4","69","5.4","TE04","TE04","a259e591-fec1-4185-a0b2-43a434cc9f49","100.0%"
"Jordan Addison","WR","MIN","66.6","70","-3.4","WR39","WR36","411b0cfe-9139-43a5-a95c-748758368d75","100.0%"
"Stefon Diggs","WR","NE","74.3","71","3.3","WR40","WR41","e57459d1-a8ea-4e55-909d-06b378e09b02","100.0%"
"Jayden Reed","WR","GB","77.7","72","5.7","WR41","WR43","f234f298-dc09-48a1-8198-168a9c25c28c","100.0%"
"Khalil Shakir","WR","BUF","79.6","73","6.6","WR42","WR45","55ba823b-3e25-4a1d-922d-9c622a052aaf","100.0%"
"D'Andre Swift","RB","CHI","69.6","74","-4.4","RB23","RB24","94224657-62c9-4238-86f2-ba2c07ce0e4b","100.0%"
"Aaron Jones","RB","MIN","83.6","75","8.6","RB24","RB28","f50101bc-fbfa-4a82-a625-c11c479cfbe8","100.0%"
"Kaleb Johnson","RB","PIT","67.7","76","-8.3","RB25","RB22","ea213cff-af5a-4902-b17d-14591284ccac","100.0%"
"Ricky Pearsall","WR","SF","72.6","77","-4.4","WR43","WR40","812a947e-6ecc-43ce-9572-ac9da7cc4bcb","100.0%"
"Tony Pollard","RB","TEN","82.1","78","4.1","RB26","RB27","5c510a1a-d9f3-47c5-8c7f-c9c7d0968dd5","100.0%"
"Matthew Golden","WR","GB","78.2","79","-0.8","WR44","WR44","53ef4d2b-2f6f-4b63-b1bc-a76c109cf4c4","100.0%"
"Chris Godwin","WR","TB","77.0","80","-3.0","WR45","WR42","d0d1514c-26e3-405f-84de-8072bc2b0fa7","100.0%"
"Emeka Egbuka","WR","TB","80.0","81","-1.0","WR46","WR46","a41974fe-71b2-408e-847d-86405b104654","100.0%"
"Isiah Pacheco","RB","KC","75.2","82","-6.8","RB27","RB26","467dd20b-81e4-42a3-837a-ed937702925e","100.0%"
"Josh Downs","WR","IND","83.3","83","0.3","WR47","WR47","2965705e-121c-4f6f-a67e-200c1f221343","100.0%"
"Kyler Murray","QB","ARI","95.2","84","11.2","QB06","QB08","017dad8b-5da7-4e17-a567-10e147fbb7c7","100.0%"
"T.J. Hockenson","TE","MIN","87.4","85","2.4","TE05","TE05","4ddaf397-6424-4910-b9ec-49aef1d2b69a","100.0%"
"Patrick Mahomes","QB","KC","84.7","86","-1.3","QB07","QB06","4808cc03-7e41-4c33-974f-a1701a98324c","100.0%"
"Michael Pittman","WR","IND","91.1","87","4.1","WR48","WR49","1589e799-5723-4f51-a99a-817c1f5d9a61","100.0%"
"Jordan Mason","RB","MIN","90.7","88","2.7","RB28","RB30","85474863-13c5-412b-a5fd-cebdd1383524","100.0%"
"Jaylen Warren","RB","PIT","97.0","89","8.0","RB29","RB32","d8c284a1-8746-41fc-bd8e-fbfb20bf2e92","100.0%"
"Travis Kelce","TE","KC","98.1","90","8.1","TE06","TE06","bbd7c5bc-808f-4c97-80e1-6029515ff8bc","100.0%"
"Darnell Mooney","WR","ATL","90.2","91","-0.8","WR49","WR48","eefaafc6-b10a-4794-a6dc-4233a1c2263f","100.0%"
"Brian Robinson","RB","WAS","85.7","92","-6.3","RB30","RB29","d163492c-f926-4cb9-96fc-b93759e92541","100.0%"
"Brock Purdy","QB","SF","102.3","93","9.3","QB08","QB10","a9944d33-2618-448b-9dfb-73b9a43b1296","100.0%"
"Rashid Shaheed","WR","NO","108.0","94","14.0","WR50","WR55","8c7f9176-18b8-4f59-bc46-2c14a60bfed8","100.0%"
"Baker Mayfield","QB","TB","93.8","95","-1.2","QB09","QB07","12a4ad78-4491-4aa3-8373-0fa48356c7f7","100.0%"
"Travis Etienne","RB","JAX","94.8","96","-1.2","RB31","RB31","fb9df616-a7a2-4339-ab1a-b3e5dfd2278b","100.0%"
"Mark Andrews","TE","BAL","107.2","97","10.2","TE07","TE08","f52f0cdf-de38-4cd9-a5c9-b54b2958ea05","100.0%"
"Cooper Kupp","WR","SEA","96.2","98","-1.8","WR51","WR52","c0c80e9d-fe68-441d-90d4-b5828752b9c7","100.0%"
"Cam Skattebo","RB","NYG","109.4","99","10.4","RB32","RB36","45040fd6-c586-4f05-b4a5-35e32042f5c8","100.0%"
"Jayden Higgins","WR","HOU","91.8","100","-8.2","WR52","WR50","6f51ed2b-b312-4ac8-a02b-f791528ab5eb","100.0%"
"Caleb Williams","QB","CHI","110.7","101","9.7","QB10","QB13","a6e88774-89df-4886-b850-16c63473fcbe","100.0%"
"Justin Fields","QB","NYJ","103.0","102","1.0","QB11","QB11","69a1328c-ef69-41a4-a9c6-9ef0f96179f0","100.0%"
"Joe Mixon","RB","HOU","68.9","103","-34.1","RB33","RB23","9da4da3d-00e5-494d-9b92-dd875a92a9c1","100.0%"
"Keon Coleman","WR","BUF","101.7","104","-2.3","WR53","WR53","d94128a2-2821-4fe3-95ee-ad6a026b85cb","100.0%"
"Tre Harris","WR","LAC","104.5","105","-0.5","WR54","WR54","06bb179e-5f55-4679-9f0d-e94d1c5dff0c","100.0%"
"Tyrone Tracy Jr.","RB","NYG","104.4","106","-1.6","RB34","RB33","c8fd58f1-4635-46b0-9727-6cdd493a63a0","100.0%"
"Bo Nix","QB","DEN","98.4","107","-8.6","QB12","QB09","bfa23971-1c74-42b7-a7da-cf3bb80a1355","100.0%"
"Luther Burden III","WR","CHI","116.6","108","8.6","WR55","WR57","9df8f9e8-d362-46e0-be35-502442b747e6","100.0%"
"Dak Prescott","QB","DAL","108.7","109","-0.3","QB13","QB12","1a3c579b-489d-476c-8e92-96396daccfa2","100.0%"
"Christian Kirk","WR","HOU","124.4","110","14.4","WR56","WR58","e35cb821-a7ae-41d8-a7c1-3fb43082b786","100.0%"
"Zach Charbonnet","RB","SEA","115.4","111","4.4","RB35","RB37","39526890-3152-4899-a948-99f0a9858b6f","100.0%"
"Brandon Aiyuk","WR","SF","95.9","112","-16.1","WR57","WR51","7eba46a1-1484-4352-b7f8-480163694c25","100.0%"
"Rashod Bateman","WR","BAL","112.9","113","-0.1","WR58","WR56","a539369c-22ad-4d91-b5b9-a616d39018b8","100.0%"
"Evan Engram","TE","DEN","106.0","114","-8.0","TE08","TE07","43e1dda1-d83d-4da9-a11a-e6c4b714e102","100.0%"
"David Njoku","TE","CLE","121.6","115","6.6","TE09","TE11","96103fd4-acc7-4dba-adcf-ae140cf7d983","100.0%"
"Colston Loveland","TE","CHI","126.4","116","10.4","TE10","TE12","72f1fd78-4146-4527-8de9-823b13309425","100.0%"
"Justin Herbert","QB","LAC","125.4","117","8.4","QB14","QB17","37bd88b0-b695-4a09-a0e9-fc29f6c14dfd","100.0%"
"Drake Maye","QB","NE","113.9","118","-4.1","QB15","QB14","1fd437b3-ec8a-40ff-af9b-bdeb9e195111","100.0%"
"Tyler Warren","TE","IND","116.9","119","-2.1","TE11","TE09","59cd0550-2714-465f-a640-99957e7fc514","100.0%"
"Marquise Brown","WR","KC","130.1","120","10.1","WR59","WR60","27c2ab08-d88c-427a-b0d3-cf0ba47af2f7","100.0%"
"J.K. Dobbins","RB","DEN","107.9","121","-13.1","RB36","RB35","fb971e03-d484-4d81-982d-0e0af12179e6","98.6%"
"J.J. McCarthy","QB","MIN","121.8","122","-0.2","QB16","QB16","78a6939e-5faf-45ed-98f2-674a84e65045","100.0%"
"Dallas Goedert","TE","PHI","138.7","123","15.7","TE12","TE14","315ad6ba-764f-4118-9deb-03720308a0c2","100.0%"
"Bhayshul Tuten","RB","JAX","133.2","124","9.2","RB37","RB42","ae822ce4-b4ff-4b53-bf83-be036fe15dd2","100.0%"
"Jared Goff","QB","DET","118.2","125","-6.8","QB17","QB15","a889c484-29f2-47ac-805b-49691067644b","100.0%"
"Rhamondre Stevenson","RB","NE","123.0","126","-3.0","RB38","RB39","9a1d9082-34b9-40f4-8e3c-330caa3fa989","100.0%"
"Tucker Kraft","TE","GB","119.6","127","-7.4","TE13","TE10","48dddfc4-9fbb-49f7-93ca-49b5bad5b640","100.0%"
"Romeo Doubs","WR","GB","152.1","128","24.1","WR60","WR65","c27b2fd7-45a7-409c-9973-3346fd3062fc","99.5%"
"C.J. Stroud","QB","HOU","133.2","129","4.2","QB18","QB20","d97eb184-b572-477a-98c8-e918a0bf1c66","100.0%"
"Quentin Johnston","WR","LAC","139.7","130","9.7","WR61","WR62","82b3392d-0403-4cc7-9adc-8881b1647655","99.9%"
"Dalton Kincaid","TE","BUF","136.2","131","5.2","TE14","TE13","8e3162f9-5b76-46e8-b189-777db6212f8b","100.0%"
"Jordan Love","QB","GB","126.2","132","-5.8","QB19","QB18","86d70c50-1438-435a-be56-17fc097d2763","100.0%"
"Jake Ferguson","TE","DAL","141.6","133","8.6","TE15","TE15","5336c84a-59d1-4502-b26c-a9a7a5683195","100.0%"
"Trevor Lawrence","QB","JAX","131.3","134","-2.7","QB20","QB19","01b46905-02f2-4016-a320-7cc36b5d1afc","100.0%"
"Tyjae Spears","RB","TEN","122.4","135","-12.6","RB39","RB38","76809c5a-f06d-479a-a218-f22ee3e13a83","100.0%"
"Tyler Allgeier","RB","ATL","153.6","136","17.6","RB40","RB48","00403734-5e69-424c-974e-ceefbc335618","99.5%"
"Javonte Williams","RB","DAL","129.4","137","-7.6","RB41","RB40","af512904-a1c9-4f40-ac9b-3f04329bc6b8","100.0%"
"Kyle Pitts","TE","ATL","149.9","138","11.9","TE16","TE17","baf94a12-0921-4655-9b10-12b59b77c57c","99.7%"
"Marvin Mims Jr.","WR","DEN","127.4","139","-11.6","WR62","WR59","e7384056-0c8d-48b5-8ece-43a68ad9d200","100.0%"
"Rachaad White","RB","TB","143.5","140","3.5","RB42","RB45","9012f171-568e-4292-94ba-f4b308eac941","100.0%"
"Kyle Williams","WR","NE","134.0","141","-7.0","WR63","WR61","d1bb13ec-b37e-420c-b9f5-e76698cb6b2b","100.0%"
"Dylan Sampson","RB","CLE","144.4","142","2.4","RB43","RB46","032a165a-b343-4c8f-a56f-8fc47d2a4a07","90.4%"
"Isaac Guerendo","RB","SF","145.6","143","2.6","RB44","RB47","5517771d-f8e5-4ab2-b023-c06057b9d12a","100.0%"
"Trey Benson","RB","ARI","142.2","144","-1.8","RB45","RB44","9ee85b14-7fae-4772-b58f-fa2922f230ef","100.0%"
"Cedric Tillman","WR","CLE","148.9","145","3.9","WR64","WR63","be28ffd2-9c10-44fd-937a-0dd5fa9f22c9","99.7%"
"Michael Penix Jr.","QB","ATL","141.5","146","-4.5","QB21","QB21","a6b061d0-7d58-45b0-8539-c0dd60cb26f9","100.0%"
"Quinshon Judkins","RB","CLE","105.8","147","-41.2","RB46","RB34","513473ee-8e3f-48d1-a0fc-a4f77bc195b9","100.0%"
"Jalen McMillan","WR","TB","168.1","148","20.1","WR65","WR71","2b703cdf-19c6-44bc-9061-11994c555ce9","99.6%"
"Xavier Legette","WR","CAR","149.9","149","0.9","WR66","WR64","a18e7872-b3df-4c74-8130-feb720a928c1","99.8%"
"Adam Thielen","WR","CAR","167.8","150","17.8","WR67","WR70","1cc825d2-4975-4afe-a47d-b69f0e57cbc1","99.5%"
"Cam Ward","QB","TEN","157.6","151","6.6","QB22","QB25","ff6b158c-6ff5-45c7-879e-32086288c5fb","99.5%"
"Tua Tagovailoa","QB","MIA","150.5","152","-1.5","QB23","QB22","bfd060c8-dfa0-43d4-beb2-6f3e5b9df69e","99.7%"
"Austin Ekeler","RB","WAS","157.6","153","4.6","RB47","RB51","566b0f64-6a4f-4882-aa36-99d15ce990f5","99.5%"
"Jaydon Blue","RB","DAL","157.0","154","3.0","RB48","RB50","e4a0d065-ce78-4bf8-8e8e-ecce74e7e30c","99.9%"
"Najee Harris","RB","LAC","132.0","155","-23.0","RB49","RB41","3a9a963f-6618-40ac-93c6-96ea04cb223f","100.0%"
"Ray Davis","RB","BUF","136.5","156","-19.5","RB50","RB43","216c2a61-381c-4520-a163-a8af32943fb9","100.0%"
"Josh Palmer","WR","BUF","153.0","157","-4.0","WR68","WR66","6dc7832f-45d2-4ae6-8c6a-3595e185a18e","99.6%"
"Wan'Dale Robinson","WR","NYG","173.6","158","15.6","WR69","WR72","42be1a8b-6bdd-4bda-a857-3a01bbc6aeac","99.4%"
"Tank Bigsby","RB","JAX","156.9","159","-2.1","RB51","RB49","91edd6d6-bd65-4571-8713-41fc3cd2eb92","99.5%"
"Bryce Young","QB","CAR","154.5","160","-5.5","QB24","QB23","04c979d6-83b7-40dc-83fc-ed4db79ce5f9","99.5%"
"Zach Ertz","TE","WAS","173.6","161","12.6","TE17","TE21","44a906d5-b179-45f9-b69f-281595bea71d","99.4%"
"Brenton Strange","TE","JAX","159.1","162","-2.9","TE18","TE18","951df6a2-c1b0-499f-819e-67798c2cc6a2","99.5%"
"Isaiah Likely","TE","BAL","145.0","163","-18.0","TE19","TE16","427d8203-aea8-4b01-972f-039aa0baa0c3","100.0%"
"Roschon Johnson","RB","CHI","171.0","164","7.0","RB52","RB55","3e43e336-3c1d-430f-8961-701e685e8d5d","97.6%"
"Demario Douglas","WR","NE","164.1","165","-0.9","WR70","WR68","63cbde87-5fd3-410c-9c64-2185510182ef","98.8%"
"Mike Gesicki","TE","CIN","171.4","166","5.4","TE20","TE20","a228fb38-ae0f-469d-984a-a7a3a904020d","99.3%"
"Jack Bech","WR","LV","163.2","167","-3.8","WR71","WR67","3506f452-2e97-46e6-be4b-e79fed5b3491","99.8%"
"Nick Chubb","RB","HOU","166.9","168","-1.1","RB53","RB53","6958938f-e1b1-4a04-9277-0d13ce07df21","80.2%"
"Geno Smith","QB","LV","164.4","169","-4.6","QB25","QB26","2f6b0b7d-b3fe-46e5-b7ef-c84495f0e78a","99.5%"
"Hunter Henry","TE","NE","161.2","170","-8.8","TE21","TE19","24e943a8-7926-4012-9d7e-138315b764cd","99.4%"
"Matthew Stafford","QB","LA","156.3","171","-14.7","QB26","QB24","50be3583-2a3d-455a-91ce-ba6959783642","99.5%"
"Jonnu Smith","TE","PIT","177.9","172","5.9","TE22","TE22","c6ad3f37-27db-4232-99cc-aeed22777e85","99.8%"
"Jerome Ford","RB","CLE","168.1","173","-4.9","RB54","RB54","47a14de7-342a-4a2d-b5ea-2e4cca880e67","68.1%"
"Michael Wilson","WR","ARI","183.4","174","9.4","WR72","WR74","9e0a17b1-fda3-4066-aa3c-4f742588536c","98.4%"
"Alec Pierce","WR","IND","180.2","175","5.2","WR73","WR73","bc9e2c1b-6bb4-4bc9-84af-202f71c65de7","99.1%"
"Pat Bryant","WR","DEN","165.9","176","-10.1","WR74","WR69","e0d74144-6bd8-467f-b5a6-de01ef683097","96.8%"
"Jaylin Noel","WR","HOU","185.5","177","8.5","WR75","WR75","3dbcda8c-adc6-4d3e-9ed8-12b7581aa0ba","99.1%"
"Will Shipley","RB","PHI","182.3","178","4.3","RB55","RB58","f69a3a63-744a-4568-a158-b69f0d5e4eb6","97.1%"
"Braelon Allen","RB","NYJ","171.7","179","-7.3","RB56","RB56","84f0a2d4-81a1-424b-a516-172e02cd82e3","99.5%"
"Elijah Arroyo","TE","SEA","188.5","180","8.5","TE23","TE26","c9fab627-9cbf-4cfe-b2fa-288604ae1755","33.2%"
"Miles Sanders","RB","DAL","183.7","181","2.7","RB57","RB59","f24adb34-5412-4edf-95ff-6b68e5fbd41d","64.8%"
"Darius Slayton","WR","NYG","194.1","182","12.1","WR76","WR79","bdecac5a-bd13-4a2c-94c8-4ff12c29d50a","91.6%"
"Rico Dowdle","RB","CAR","180.3","183","-2.7","RB58","RB57","a07ec2e7-a9ff-4797-8b81-e97de03a6a51","99.3%"
"Dont'e Thornton Jr.","WR","LV","188.4","184","4.4","WR77","WR77","7062199b-47a5-4de1-bc7d-22640861b406","55.4%"
"Dyami Brown","WR","JAX","187.7","185","2.7","WR78","WR76","9f137949-d162-475c-bf95-9d43e7d58824","84.8%"
"Justice Hill","RB","BAL","200.5","186","14.5","RB59","RB63","8f4756df-0eba-4393-bc91-cd38984dcda8","91.4%"
"Cade Otton","TE","TB","182.7","187","-4.3","TE24","TE23","027fe218-a84a-450c-a89d-7ad6c4cf94b9","98.8%"
"Keenan Allen","WR","FA","195.5","188","7.5","WR79","WR80","8086a0ab-51d0-4510-af6e-34603b9ad807","92.7%"
"Jaylen Wright","RB","MIA","164.1","189","-24.9","RB60","RB52","fa1a54e5-4c1c-45b8-9e9a-3c1568a28d6b","99.1%"
"Noah Brown","WR","WAS","214.6","190","24.6","WR80","WR94","60c195a8-e9c9-4f75-8551-537d3ec25c6d","10.1%"
"Tutu Atwell","WR","LA","209.4","191","18.4","WR81","WR84","5ac44ad0-e9ce-44d0-9bf7-82950d46bd63","61.8%"
"Pat Freiermuth","TE","PIT","212.8","192","20.8","TE25","TE32","49d82bda-e7fe-487a-83ab-0f4bd9e431d1","80.5%"
"Calvin Austin III","WR","PIT","199.2","193","6.2","WR82","WR81","c5278c01-f7c3-4163-9ed0-9b76a84b06d3","75.8%"
"Chig Okonkwo","TE","TEN","188.1","194","-5.9","TE26","TE25","2a65964a-1345-435e-998e-ee29adf6d251","88.3%"
"Tahj Brooks","RB","CIN","208.4","195","13.4","RB61","RB65","10b8eca4-c667-4927-a2ab-e24021ad18a5","27.2%"
"Anthony Richardson","QB","IND","189.9","196","-6.1","QB27","QB29","ab78a171-01c4-457c-aa8c-7fd835bff986","90.4%"
"Parker Washington","WR","JAX","215.7","197","18.7","WR83","WR110","3c447c3d-b2ae-44be-9b4c-5a7efe6bfdb9","2.4%"
"Ray-Ray McCloud","WR","ATL","212.8","198","14.8","WR84","WR88","4c50a7a3-7ac8-442f-a792-11977cea9322","26.9%"
"Woody Marks","RB","HOU","209.7","199","10.7","RB62","RB66","1dd1d43a-bb2c-4293-b086-af81f7f8a31f","26.3%"
"Tre Tucker","WR","LV","215.6","200","15.6","WR85","WR107","aaefaf37-9d15-4306-ad32-8f6245e98a4d","10.3%"
"Tyler Lockett","WR","TEN","209.5","201","8.5","WR86","WR85","d8b3c731-9054-4d15-a4ee-e12beb4825fa","66.3%"
"DJ Giddens","RB","IND","199.2","202","-2.8","RB63","RB62","5187785b-3707-4207-aee0-a55778dfb9a1","95.1%"
"Jarquez Hunter","RB","LA","205.0","203","2.0","RB64","RB64","e5efd76e-3450-4e90-b4a4-74a10f8cef0b","83.4%"
"Josh Reynolds","WR","NYJ","214.9","204","10.9","WR87","WR96","b700e4d6-99b4-48cc-80a5-ca0bf0a54a68","4.9%"
"Jalen Coker","WR","CAR","211.9","205","6.9","WR88","WR87","c9e2cfc7-8db1-49ab-944b-61108f687aca","70.6%"
"Mason Taylor","TE","NYJ","187.2","206","-18.8","TE27","TE24","a6ce2c32-ead2-45cf-8add-22978d63a07e","97.8%"
"Andrei Iosivas","WR","CIN","206.3","207","-0.7","WR89","WR82","d49688f7-ce90-44b2-99ee-0b1c78eec8f3","80.1%"
"Juwan Johnson","TE","NO","208.0","208","0.0","TE28","TE30","10b27c42-0621-472d-bfa7-3f6c598980be","57.9%"
"DeAndre Hopkins","WR","BAL","191.8","209","-17.2","WR90","WR78","54ad314c-d98a-4087-9831-d9fe55233e1c","98.0%"
"Dalton Schultz","TE","HOU","204.8","210","-5.2","TE29","TE28","ba19979f-896f-429f-89b1-0280ab4b6052","88.3%"
"Sam Darnold","QB","SEA","176.8","211","-34.2","QB28","QB27","afb9a9f4-bacd-46f5-ad31-80b2427eae28","99.0%"
"Tyler Higbee","TE","LA","215.5","212","3.5","TE30","TE39","ef67177a-49c1-49d1-a6df-20ae9588b890","7.2%"
"Ja'Tavion Sanders","TE","CAR","205.4","213","-7.6","TE31","TE29","5357fee8-c779-4442-8e21-286ad59d4cbd","73.4%"
"Noah Gray","TE","KC","214.5","214","0.5","TE32","TE34","a18edd62-1cc8-484e-b729-3f9c591887ad","23.6%"
"Dontayvion Wicks","WR","GB","211.5","215","-3.5","WR91","WR86","5938bf65-bd79-454f-921a-94d0b1a4c3b4","52.8%"
"Nick Westbrook-Ikhine","WR","MIA","215.7","216","-0.3","WR92","WR110","33f93253-33a6-4e0f-8d93-815366d14090","9.2%"
"Isaac TeSlaa","WR","DET","214.8","217","-2.2","WR93","WR95","383c8d7f-a817-4096-a6b6-a6b1366d87fb","29.2%"
"Theo Johnson","TE","NYG","212.7","218","-5.3","TE33","TE31","3349f39b-9dd6-42f3-a50c-8f7e8134d2bf","36.7%"
"Blake Corum","RB","LA","212.2","219","-6.8","RB65","RB68","e34d874e-3fef-4059-887e-33a2485c13b6","66.0%"
"Tyler Shough","QB","NO","209.6","220","-10.4","QB29","QB30","9d27c511-89bc-4129-a079-334b7b3be97f","50.2%"
"KaVontae Turpin","WR","DAL","215.1","221","-5.9","WR94","WR99","139d7f99-b270-4a99-832b-41bf0deb358f","6.5%"
"Aaron Rodgers","QB","PIT","186.7","222","-35.3","QB30","QB28","1bd33029-b88d-43fa-998e-775a6741a5e7","76.8%"
"Brandin Cooks","WR","NO","215.9","223","-7.1","WR95","WR120","e2a9db24-836f-410b-8fbc-92ebf65aa172","1.9%"
"Jordan Whittington","WR","LA","215.2","224","-8.8","WR96","WR100","b8b2120d-d09f-4467-b7fc-3e9c32df9f5a","9.1%"
"Jalen Tolbert","WR","DAL","215.4","225","-9.6","WR97","WR104","d85fae4b-67cb-4828-93ad-d968f275c6d5","28.5%"
"Keaton Mitchell","RB","BAL","212.7","226","-13.3","RB66","RB69","b760285b-f146-44b7-91a6-80b79734aa3a","33.6%"
"Greg Dortch","WR","ARI","215.9","227","-11.1","WR98","WR120","9a6b601c-81b4-41e0-bc9e-99067890d849","1.2%"
"Kayshon Boutte","WR","NE","215.4","228","-12.6","WR99","WR104","0ddf9b70-527e-4bb6-8018-b1a0b49ba29c","5.8%"
"Jalen Nailor","WR","MIN","213.5","229","-15.5","WR100","WR91","99768dcd-9aea-40e2-9abb-e3644b8f69f0","13.4%"
"Devin Neal","RB","NO","215.7","230","-14.3","RB67","RB76","afc52d6b-e9cd-412f-8025-9926540ac5c5","42.8%"
"Trevor Etienne","RB","CAR","215.7","231","-15.3","RB68","RB76","8aa163b7-5f2f-4ed5-a721-79fd60ba544e","3.4%"
"Harold Fannin Jr.","TE","CLE","215.3","232","-16.7","TE34","TE36","2d084934-667e-4903-b462-a33b9041291d","12.2%"
"Malik Washington","WR","MIA","215.6","233","-17.4","WR101","WR107","43ea5795-c57d-463f-af6d-23685089f41f","6.9%"
"Terrance Ferguson","TE","LA","213.4","234","-20.6","TE35","TE33","5d5c4fb2-51dc-40da-9f65-785ee09f784e","42.5%"
"Darren Waller","TE","MIA","204.3","235","-30.7","TE36","TE27","0126a927-560d-4751-9de5-9aee8a3a8a67","36.2%"
"Jaxson Dart","QB","NYG","214.5","236","-21.5","QB31","QB33","0e7d3cb4-f568-41e0-88e6-7812989ae958","44.6%"
"Daniel Jones","QB","IND","209.6","237","-27.4","QB32","QB30","0b920098-c972-4e90-9e89-7430232e7567","56.4%"
"Will Dissly","TE","LAC","215.9","238","-22.1","TE37","TE44","0ea8521f-7fe9-4feb-8383-d4c68de52a02","1.5%"
"Kareem Hunt","RB","KC","211.8","239","-27.2","RB69","RB67","011d7af8-9fc6-47e2-b1c7-60ad22188306","44.6%"
"MarShawn Lloyd","RB","GB","197.2","240","-42.8","RB70","RB61","664c1862-20fe-40a8-ac7e-ff868858dcb9","87.6%"
"Jordan James","RB","SF","215.6","241","-25.4","RB71","RB75","5d797f44-9b44-4ece-891a-554ec24e68e3","15.5%"
"Elic Ayomanor","WR","TEN","212.8","242","-29.2","WR102","WR88","e62e6781-add8-4eaa-9713-1448b8ff72a5","47.6%"
"Adonai Mitchell","WR","IND","214.2","243","-28.8","WR103","WR92","0ad724ff-2212-4ec4-8261-793e76298a17","52.5%"
"Jalen Royals","WR","KC","206.6","244","-37.4","WR104","WR83","a46b6ee1-e38e-48cc-9d43-0917418812fc","43.8%"
"Samaje Perine","RB","CIN","216.0","245","-29.0","RB72","RB85","f8c6033e-850d-45f9-8ff0-985601266a33","0.5%"
"Curtis Samuel","WR","BUF","215.9","246","-30.1","WR105","WR120","09fad0df-6eef-4310-9cf6-9fd18d55a626","3.6%"
"Savion Williams","WR","GB","215.9","247","-31.1","WR106","WR120","3b1286b8-e246-4287-a2f9-e044620d4180","5.2%"
"Jacory Croskey-Merritt","RB","WAS","213.6","248","-34.4","RB73","RB70","f47f5778-3c4d-4320-a4f9-cb57a229024a","12.0%"
"Roman Wilson","WR","PIT","213.1","249","-35.9","WR107","WR90","840278ec-0ad5-4ba3-923e-2dda905a735f","22.2%"
"Emanuel Wilson","RB","GB","215.9","250","-34.1","RB74","RB81","b9f51ee6-1566-4236-b4ee-8414eb60b412","1.4%"
"Devaughn Vele","WR","DEN","215.4","251","-35.6","WR108","WR104","c52baf98-fb75-4227-9701-7b1b57eea6f7","6.7%"
"Raheem Mostert","RB","LV","214.5","252","-37.5","RB75","RB71","013d1f80-d88b-47c2-b6b9-d0c833e1cdba","17.8%"
"Troy Franklin","WR","DEN","214.4","253","-38.6","WR109","WR93","ec3a92be-ca46-44e1-8263-9c184ba313c1","18.8%"
"Chimere Dike","WR","TEN","215.9","254","-38.1","WR110","WR120","66414585-fa5d-408a-911c-cf897e5bbefc","2.3%"
"Marquez Valdes-Scantling","WR","SEA","215.3","255","-39.7","WR111","WR101","8781a0c7-14b6-4c09-bf75-0a9da0bd9a31","10.4%"
"Brashard Smith","RB","KC","197.1","256","-58.9","RB76","RB60","edeb9b06-d0b7-44cc-ac47-971fa68ff0a6","69.2%"
"Ollie Gordon II","RB","MIA","215.8","257","-41.2","RB77","RB79","831716ac-821d-4b07-8f37-36886cc43843","13.4%"
"Cole Kmet","TE","CHI","215.5","258","-42.5","TE38","TE39","dc435bd0-ebd3-479f-b9bf-529569dff43c","15.0%"
"Dawson Knox","TE","BUF","215.9","259","-43.1","TE39","TE44","9ab9905f-4b27-4de3-9a80-09bad046eb1e","0.9%"
"Michael Mayer","TE","LV","216.0","260","-44.0","TE40","TE46","429848f5-b190-489f-b67f-1cf47d091fc7","1.0%"
"Oronde Gadsden II","TE","LAC","214.6","261","-46.4","TE41","TE35","e7bd3b67-74c9-40f4-a747-d67e35c609fb","6.3%"
"Luke McCaffrey","WR","WAS","215.8","262","-46.2","WR112","WR116","60548cf8-e520-478b-a3e0-0f7b781f1471","1.7%"
"AJ Dillon","RB","PHI","215.8","263","-47.2","RB78","RB79","b3da238b-5afa-4b76-8e66-34ac61f527f6","1.3%"
"Kyle Monangai","RB","CHI","215.1","264","-48.9","RB79","RB73","2521c244-cb3c-497e-b928-9c2f542bb7c3","12.8%"
"Isaiah Davis","RB","NYJ","215.9","265","-49.1","RB80","RB81","6740daf6-d0f8-46cd-ae2c-7dc4774b6de0","1.5%"
"Sean Tucker","RB","TB","215.7","266","-50.3","RB81","RB76","89c932e5-9b13-487f-97c6-c23a2864510e","8.1%"
"Tai Felton","WR","MIN","215.8","267","-51.2","WR113","WR116","edf095fc-4f26-470b-9967-e307126ced5b","8.6%"
"Kalif Raymond","WR","DET","216.0","268","-52.0","WR114","WR128","b2953b43-ce06-484f-8391-3ceb66f98176","0.5%"
"Arian Smith","WR","NYJ","216.0","269","-53.0","WR115","WR128","9e10c4dc-5380-4094-b5fd-03faf540337d","1.5%"
"Jaylin Lane","WR","WAS","215.7","270","-54.3","WR116","WR110","c76c03d8-1795-4ef9-a2cf-ee0f10c4bc4f","4.3%"
"Zay Jones","WR","ARI","216.0","271","-55.0","WR117","WR128","997e7ceb-de79-49aa-905d-71ee7c61c946","0.5%"
"AJ Barner","TE","SEA","215.8","272","-56.2","TE42","TE41","338b1d80-95b2-4f28-be69-f3967544c1e7","1.0%"
"Van Jefferson","WR","TEN","216.0","273","-57.0","WR118","WR128","ed8c1ea8-07f5-455c-bb6b-265cee07947a","0.4%"
"Khalil Herbert","RB","IND","216.0","274","-58.0","RB82","RB85","9544675f-20bf-4fc2-9d60-b27ba8c4f5a9","0.6%"
"Ty Johnson","RB","BUF","215.9","275","-59.1","RB83","RB81","97b95328-40e0-40a5-8f23-f57059acb9bc","2.8%"
"Jermaine Burton","WR","CIN","215.0","276","-61.0","WR119","WR97","6b913e90-e07f-4587-875c-8eead122de28","8.3%"
"KhaDarel Hodge","WR","ATL","216.0","277","-61.0","WR120","WR128","3ae4388b-8078-4b58-8c2f-24e0893edebf","0.4%"
"Ben Sinnott","TE","WAS","215.3","278","-62.7","TE43","TE36","da6aa094-cee3-40a8-aef1-4a8941967c3f","8.4%"
"Cade Stover","TE","HOU","216.0","279","-63.0","TE44","TE46","11f81f18-3bf3-4797-a7ca-d336e839c099","0.6%"
"Tim Patrick","WR","DET","215.9","280","-64.1","WR121","WR120","41527475-e452-40be-92c0-8ad78e0a4ef7","1.1%"
"Grant Calcaterra","TE","PHI","216.0","281","-65.0","TE45","TE46","cbb7d7e5-c32a-4c82-83f5-924a9635336b","0.5%"
"Hunter Renfrow","WR","CAR","215.6","282","-66.4","WR122","WR107","7ebccb67-953e-4e9d-864b-c85bd4064346","1.0%"
"JuJu Smith-Schuster","WR","KC","216.0","283","-67.0","WR123","WR128","235736d2-cea0-4504-b5ae-12232850ded3","0.7%"
"John Metchie III","WR","HOU","216.0","284","-68.0","WR124","WR128","cd0a1a78-4d82-46eb-9272-36f1f515cf83","0.5%"
"Kendre Miller","RB","NO","215.1","285","-69.9","RB84","RB73","5f9ab9ae-8374-4dca-8ff1-660f399c587c","5.1%"
"Mack Hollins","WR","NE","216.0","286","-70.0","WR125","WR128","dc98d5aa-5219-47c4-9c96-0d1c5158a58d","0.9%"
"Allen Lazard","WR","NYJ","215.9","287","-71.1","WR126","WR120","50224a13-c0a8-4226-8e19-56fc4c0e257b","3.1%"
"Jaleel McLaughlin","RB","DEN","216.0","288","-72.0","RB85","RB85","3f3d0fff-d453-44b9-acec-0a9610deea75","10.7%"
"Luke Schoonmaker","TE","DAL","216.0","289","-73.0","TE46","TE46","959704b1-09ac-4a6b-9a72-30aff9a986b6","0.6%"
"Elijah Mitchell","RB","KC","214.9","290","-75.1","RB86","RB72","ccc75043-457f-471e-9735-d76568cc2bb1","6.2%"
"Tyler Goodson","RB","IND","220.0","291","-71.0","RB87","RB107","c8d9e613-cf2a-44ce-b4ad-5362db4512fa","0.0%"
"Kenneth Gainwell","RB","PIT","216.0","292","-76.0","RB88","RB85","03ed3f29-655b-4b39-9e8c-986289957629","0.5%"
"Alexander Mattison","RB","MIA","216.0","293","-77.0","RB89","RB85","e5693812-f80a-449d-92b9-ac7ef2145b86","0.6%"
"Rondale Moore","WR","MIN","216.0","294","-78.0","WR127","WR128","d4ccb80f-d585-42c9-a080-0ee5ab92445b","0.5%"
"Austin Hooper","TE","NE","216.0","295","-79.0","TE47","TE46","fa193b30-e49b-4eb5-9eeb-f760b5a2124b","0.5%"
"Tyler Conklin","TE","LAC","215.4","296","-80.6","TE48","TE38","d29091a8-ca31-49b0-a940-4ddebb14a843","15.6%"
"Gunnar Helm","TE","TEN","216.0","297","-81.0","TE49","TE46","f95089a4-a293-43bc-85e1-14b5c682c5b4","0.8%"
"Christian Watson","WR","GB","215.8","298","-82.2","WR128","WR116","6212d548-a31d-4690-8de8-b8313672a462","1.8%"
"Elijah Moore","WR","BUF","215.0","299","-84.0","WR129","WR97","d84d18f3-8260-45e3-803c-a7ac6a718c98","13.4%"
"Ja'Lynn Polk","WR","NE","216.0","300","-84.0","WR130","WR128","c4a08f72-599c-4ab7-b733-7f2ee5878ce6","0.7%"
